Name_CELI,Name_Leave_Russia,Name_Orbis,CELI Grade,GICS Industry Sector,Country CELI,Revenue_Share_RU_2021_,Global_Profit Margin_2021_%,Asset_Share_RU_2021,Employee_Share_in_Russia,CashAsset Ratio_2021,Gearing 2021,Current Ratio 2021,Sanction_Rating,Subsidiaries_RU_Latest,Employees_Subsidiaries_RU,Assets_RU_Subsidiaries,"ROA using Profit 
(Loss) before tax 2021 (%)",Global_Revenue_2021_m,Global_Assets_2021
3M,3M,3M COMPANY,Suspension,Industrials,United States,0.007014567,20.376,0.002081917,0.008515789,0.096957852,161.432,1.705,2,1,61,20,15.3,35355,47072
Abbott Laboratories,Abbott Labs,ABBOTT LABORATORIES,Buying Time,Health Care,United States,0.015020313,19.062,0.012740039,0.006380531,0.130312783,75.535,1.85,0,3,752,540,10.92,43075,75196
Abbvie,AbbVie,ABBVIE INC.,Buying Time,Health Care,United States,0.002491236,23.113,0.001242075,0.00606,0.066512431,703.583,0.794,0,1,157,126,8.86,56197,146529
Abrdn,Abrdn,ABERDEEN GROUP PLC,Suspension,Financials,United Kingdom,0,66.172,0,0,n.a.,6.861,1.257,2,0,n.a.,n.a.,9.77,2263.628802,15338.93986
Adidas,Adidas,ADIDAS AG,Scaling Back,Consumer Discretionary,Germany,0.031934845,8.677,0.025605873,0.114004658,0.17292316,68.087,1.556,1,1,5501,231,8.37,24174.22096,25072.37301
Adobe,Adobe,ADOBE INC.,Scaling Back,Information Technology,United States,0,36.142,0,0,0.141110826,37.251,1.251,2,0,n.a.,n.a.,20.94,15785,27241
ADP,ADP,"AUTOMATIC DATA PROCESSING, INC.",Suspension,Information Technology,United States,0,22.4,0,0,0.052800246,88.337,1.069,2,0,n.a.,n.a.,6.89,15005.4,48772.5
AECOM,AECOM,AECOM,Withdrawal,Industrials,United States,0,3.064,0,0.006862745,0.104755481,130.849,1.118,2,0,n.a.,n.a.,3.48,13340.852,11733.954
AG Barr,AG Barr,BARR (A.G.) PLC,Withdrawal,Consumer Staples,United Kingdom,0,15.67,0,0,0.204281891,12.329,2.379,0,0,n.a.,n.a.,12.55,360.9697148,450.7765135
AGCO,AGCO,AGCO CORPORATION,Scaling Back,Industrials,United States,0.014095508,8.478,0.010455125,0.003090129,0.096829701,67.844,1.451,2,2,0,0,10.28,11138.3,9182.1
Agilent,Agilent Technologies,"AGILENT TECHNOLOGIES, INC.",Withdrawal,Information Technology,United States,0,21.522,0,0,0.13862681,66.951,2.224,2,0,n.a.,n.a.,12.7,6319,10705
Air Lease,Air Lease,AIR LEASE CORPORATION,Withdrawal,Industrials,United States,0,25.906,0,0,0.040287411,259.319,0.608,2,0,n.a.,n.a.,2.01,2088.389,26968.722
Air Products,Air Products,"AIR PRODUCTS AND CHEMICALS, INC.",Withdrawal,Materials,United States,0.00271239,24.289,0.00093078,0.002299401,0.166382469,81.279,2.992,2,0,n.a.,n.a.,9.34,10323,26859.2
Airbnb,Airbnb,"AIRBNB, INC.",Suspension,Consumer Discretionary,United States,0,-5.01,0,2.168949772,0.442604917,53.887,1.948,1,0,n.a.,n.a.,-2.19,5991.76,13708.474
Akamai,Akamai,"AKAMAI TECHNOLOGIES, INC.",Suspension,Information Technology,United States,0,21.039,0,0,0.065947483,62.214,2.43,2,0,n.a.,n.a.,8.95,3461.223,8138.673
Alaska Airlines,Alaska Airlines,"ALASKA AIR GROUP, INC.",Suspension,Industrials,United States,0,10.185,0,0,0.033689341,171.665,0.982,2,0,n.a.,n.a.,4.51,6176,13951
Alcoa,Alcoa,ALCOA CORPORATION,Withdrawal,Materials,United States,0,9.867,0,0,0.120732113,152.633,1.559,2,0,n.a.,n.a.,7.98,12152,15025
Align Technology,Align Technology,ALIGN TECHNOLOGY INC,Digging In,Health Care,United States,0.004553983,25.614,0.001178033,0.002528838,0.185013404,10.912,1.296,0,0,n.a.,n.a.,17.04,3952.584,5942.11
Allianz,Allianz,ALLIANZ SE,Scaling Back,Financials,Germany,6.82181E-05,12.259,0,0,n.a.,n.a.,n.a.,2,8,86,9,0.84,87953.20948,1290517.636
Alphabet,Alphabet,ALPHABET INC.,Scaling Back,Communication Services,United States,0.007238867,35.218,0.000256076,0.001597444,0.058299097,17.284,2.928,1,0,n.a.,n.a.,25.26,257637,359268
Amazon,Amazon,"AMAZON.COM, INC.",Suspension,Consumer Discretionary,United States,0.000159635,8.12,0,2.92289E-05,0.086125517,108.364,1.136,1,0,n.a.,n.a.,9.07,469822,420549
AMD,AMD,"ADVANCED MICRO DEVICES, INC.",Suspension,Information Technology,United States,0,22.326,0,0,0.204122715,13.259,2.024,2,0,n.a.,n.a.,29.54,16434,12419
American Airlines,American Airlines,AMERICAN AIRLINES GROUP INC.,Withdrawal,Industrials,United States,0,-8.527,0,0,0.004107301,n.a.,0.912,2,0,n.a.,n.a.,-3.83,29882,66467
American Express,American Express,AMERICAN EXPRESS COMPANY,Suspension,Financials,United States,0.000347891,24.538,0.000169718,0,n.a.,n.a.,n.a.,2,0,n.a.,n.a.,5.61,43117,188548
AmerisourceBergen,AmerisourceBergen,"CENCORA, INC.",Buying Time,Health Care,United States,0,1.038,0,0,0.044423431,n.a.,0.938,0,0,n.a.,n.a.,3.88,213988.843,57337.805
Ametek,Ametek,"AMETEK, INC.",Withdrawal,Industrials,United States,0,22.053,0,0,0.029144945,54.979,1.362,2,0,n.a.,n.a.,10.28,5546.514,11898.187
Amgen,Amgen,AMGEN INC.,Scaling Back,Health Care,United States,0.005812387,25.794,0.001389684,0.006157025,0.130613913,632.358,1.591,0,0,n.a.,n.a.,10.96,25979,61165
Analog Devices,Analog Devices,ANALOG DEVICES INC,Suspension,Information Technology,United States,0,18.156,0,0,0.025132167,31.785,1.941,2,0,n.a.,n.a.,2.54,7318.286,52322.071
Apple,Apple,APPLE INC.,Suspension,Information Technology,United States,0.014654868,29.853,0.003341861,0.052850649,0.099543592,272.821,1.075,2,0,n.a.,n.a.,31.11,365817,351002
Archer Daniels Midland (ADM),ADM,ARCHER-DANIELS-MIDLAND COMPANY,Buying Time,Consumer Staples,United States,0.000973618,3.886,0.001140088,0.006780488,0.016798489,54.638,1.454,0,2,308,124,5.9,85249,56136
ARM,ARM,ARM HOLDINGS PLC,Suspension,Information Technology,United Kingdom,0,29.079,0,n.a.,0.15422427,44.166,2.216,2,0,n.a.,n.a.,12.07,3547.821545,8544.697838
Asos,Asos,ASOS PLC,Suspension,Consumer Discretionary,United Kingdom,0,4.529,0,0,0.22974519,82.447,1.563,1,0,n.a.,n.a.,6.14,5384.368683,3971.668959
Aspo,Aspo,ASPO OYJ,Withdrawal,Industrials,Finland,0.117392895,5.118,0,0.066315789,0.043555413,136.488,1.389,2,0,n.a.,n.a.,7.39,664.43544,460.1868309
Aston Martin,Aston Martin,ASTON MARTIN LAGONDA GLOBAL HOLDINGS PLC,Suspension,Consumer Discretionary,United Kingdom,0,-19.52,0,0,0.147370273,210.66,0.959,1,0,n.a.,n.a.,-7.52,1471.425891,3818.614165
AstraZeneca,AstraZeneca,ASTRAZENECA PLC,Buying Time,Health Care,United Kingdom,0.01985079,-0.699,0.007497888,0.04534296,0.060068525,111.724,1.162,0,3,3777,1238,-0.25,37933,105363
Atria,Atria,ATRIA OYJ,Withdrawal,Consumer Staples,Finland,0.02684012,0.313,0,0.022365939,0.059630084,52.93,1.119,0,0,n.a.,n.a.,0.5,1751.109938,1088.951024
Aurubis AG,Aurubis AG,AURUBIS AG,Buying Time,Industrials,Germany,0,5.044,0,0,0.142504955,39.642,2.38,2,0,n.a.,n.a.,12.48,18946.39821,7657.600589
Autodesk,Autodesk,"AUTODESK, INC.",Suspension,Information Technology,United States,0.00091191,12.874,0.000232374,0.002460317,0.177580518,482.629,0.689,2,0,n.a.,n.a.,6.56,4386.4,8606.8
Avantor,Avantor,"AVANTOR, INC.",Withdrawal,Health Care,United States,0,10.195,0,0,0.021709409,197.632,1.707,0,0,n.a.,n.a.,5.42,7386.1,13897.2
Avery Dennison,Avery Dennison,AVERY DENNISON CORPORATION,Withdrawal,Materials,United States,0,11.805,0,0,0.020409955,182.124,1.073,2,1,30,1,12.45,8408.3,7971.6
Aviva,Aviva,AVIVA PLC,Withdrawal,Financials,United Kingdom,0,16.185,0,0,n.a.,n.a.,n.a.,2,1,n.a.,n.a.,0.65,19331.52431,481573.9294
Baker Hughes,Baker Hughes,BAKER HUGHES COMPANY,Withdrawal,Energy,United States,0.032582187,2.088,0.005352895,0.005962963,0.109125411,57.885,1.65,2,0,n.a.,n.a.,1.21,20502,35308
Ball Corporation,Ball Corporation,BALL CORPORATION,Withdrawal,Materials,United States,0.047281153,7.299,0.039717967,0.418559671,0.028558385,273.786,0.877,2,1,n.a.,n.a.,5.11,13811,19714
BASF SE,BASF SE,BASF SE,Withdrawal,Materials,Germany,n.a.,n.a.,n.a.,0.04113586,n.a.,n.a.,n.a.,2,5,131,154,n.a.,n.a.,n.a.
Bayer,Bayer,BAYER AG,Buying Time,Health Care,Germany,0.023406283,4.52,0.00579359,0.014392244,0.037957103,180.026,1.108,0,2,1552,588,1.7,51268.28552,136184.9936
Beiersdorf,Beiersdorf,BEIERSDORF AG,Scaling Back,Consumer Staples,Germany,0.025925441,11.529,0.005938776,0.072980989,0.09168953,22.527,1.393,0,2,1515,99,8.03,8910.166619,12797.25087
Bentley Systems,Bentley Systems,"BENTLEY SYSTEMS, INCORPORATED",Withdrawal,Information Technology,United States,0.00828976,9.671,0.003384422,0.030263727,0.123846147,405.952,1.037,2,1,1,0,3.51,965.046,2659.243
BlackRock,BlackRock,"BLACKROCK, INC.",Withdrawal,Financials,United States,n.a.,n.a.,n.a.,n.a.,n.a.,n.a.,n.a.,2,0,n.a.,n.a.,n.a.,n.a.,n.a.
BMW,BMW,BAYERISCHE MOTOREN WERKE AG,Suspension,Consumer Discretionary,Germany,0.025211626,14.251,0.007185656,0.028593294,0.069747786,137.956,1.127,1,4,131,1535,7,127639.5243,259962.3508
BNY Mellon,BNY Mellon,THE BANK OF NEW YORK MELLON CORPORATION,Scaling Back,Financials,United States,0,29.176,0,0,n.a.,n.a.,n.a.,2,0,n.a.,n.a.,1.05,15931,444438
Boeing,Boeing,THE BOEING COMPANY,Suspension,Industrials,United States,0,-8.08,0,0,0.058115365,n.a.,1.325,2,0,n.a.,n.a.,-3.63,62286,138552
Boohoo Group,Boohoo Group,BOOHOO GROUP PLC,Suspension,Consumer Discretionary,United Kingdom,0,0.393,0,0,0.10146234,37.131,0.998,1,0,n.a.,n.a.,0.78,2655.995645,1337.307001
Booking,Booking,BOOKING HOLDINGS INC.,Withdrawal,Consumer Discretionary,United States,0,13.369,0,0,0.470665369,213.758,2.105,1,0,n.a.,n.a.,6.2,10958,23641
Boreo,Boreo,BOREO OYJ,Withdrawal,Industrials,Finland,0,4.626,0,0,0.03798768,195.536,1.464,2,0,n.a.,n.a.,6.98,166.4922452,110.3152699
Boston Scientific,Boston Scientific,BOSTON SCIENTIFIC CORPORATION,Scaling Back,Health Care,United States,0.00429004,9.051,0.000403363,0.009341463,0.059728816,69.751,1.478,0,1,n.a.,n.a.,3.34,11888,32229
Brenntag,Brenntag,BRENNTAG SE,Scaling Back,Materials,Germany,0.005507833,4.507,0.002338183,0.002726851,0.069148154,72.738,1.406,2,1,n.a.,n.a.,6.38,16340.36442,11547.42643
Brinks,Brinks,THE BRINK'S COMPANY,Suspension,Consumer Discretionary,United States,0,5.607,0,0,0.127598038,n.a.,1.399,1,0,n.a.,n.a.,4.23,4200.2,5566.7
Bristol-Myers Squibb,Bristol Myers Squibb,BRISTOL-MYERS SQUIBB COMPANY,Withdrawal,Health Care,United States,0.007286838,17.458,0.002991383,0.003819876,0.12787932,156.524,1.521,0,0,n.a.,n.a.,7.41,46385,109314
British American Tobacco,British American Tobacco,BRITISH AMERICAN TOBACCO PLC,Withdrawal,Consumer Staples,United Kingdom,0.105588059,35.406,0.011049327,0.055830932,0.020449168,87.257,0.846,0,0,n.a.,n.a.,6.67,34767.18895,184536.1248
British Petroleum (BP),British Petroleum (BP),BP P.L.C.,Withdrawal,Energy,United Kingdom,0.000872898,9.632,0.23670946,0.017116844,0.10680122,135.011,1.153,2,6,1444,3525,5.3,158094,287272
Broadridge Financial Solutions,Broadridge Financial Solutions,"BROADRIDGE FINANCIAL SOLUTIONS, INC.",Withdrawal,Financials,United States,0.002002523,13.942,0.000492623,0.009121424,0.033806251,277.635,0.979,2,1,49,0,8.57,4993.7,8119.8
Brown-Forman,Brown-Forman,BROWN-FORMAN CORPORATION,Suspension,Consumer Staples,United States,0.014446692,31.234,0.00490647,0.010425532,0.17632628,110.994,4.267,0,0,n.a.,n.a.,16.58,3461,6522
Bruker,Bruker's,BRUKER CORPORATION,Withdrawal,Industrials,United States,0,16.279,0,0,0.292657534,163.793,2.634,2,0,n.a.,n.a.,10.78,2417.9,3650
Bumble,Bumble,BUMBLE INC.,Withdrawal,Communication Services,United States,0,-20.515,0,0,0.097743021,124.275,2.668,1,1,71,3,-4.13,760.91,3776.996
Burberry,Burberry,BURBERRY GROUP PLC,Suspension,Consumer Discretionary,United Kingdom,n.a.,n.a.,n.a.,n.a.,n.a.,n.a.,n.a.,1,1,n.a.,n.a.,n.a.,n.a.,n.a.
Cadence,Cadence,"CADENCE DESIGN SYSTEMS, INC.",Withdrawal,Information Technology,United States,0.002007868,25.715,0.000683948,0.006989247,0.24825941,24.607,1.767,2,1,n.a.,1,17.52,2988.244,4386.299
Callaway Golf,Callaway Golf,CALLAWAY GOLF CO,Suspension,Consumer Discretionary,United States,0,11.19,0,0,0.045460893,87.449,1.346,1,0,n.a.,n.a.,4.53,3133.447,7747.78
Cargotec,Cargotec,HIAB OYJ,Withdrawal,Industrials,Finland,0.006116465,9.23,0.002850051,0.003758726,0.121371639,71.06,1.595,2,0,n.a.,n.a.,8.27,4087.32799,4561.321218
Carrier,Carrier,CARRIER GLOBAL CORP,Scaling Back,Industrials,United States,0.00126134,11.643,0,0.001241379,0.114129604,191.532,1.721,2,1,n.a.,n.a.,9.17,20613,26172
Carter's | Oshkosh,Carter's | Oshkosh,"CARTER'S, INC.",Buying Time,Industrials,United States,0,12.571,0,0,0.30874988,160.03,2.649,2,0,n.a.,n.a.,13.75,3486.44,3187.998
Caterpillar,Caterpillar,CATERPILLAR INC.,Scaling Back,Industrials,United States,0.013537109,16.095,0.048313263,0.02185701,0.111772734,259.731,1.456,2,4,1393,115,9.91,50971,82793
CBRE,CBRE,"CBRE GROUP, INC.",Suspension,Real Estate,United States,0,8.684,0,0,0.110129884,60.558,1.198,1,0,n.a.,n.a.,10.92,27746.036,22073.491
Centrica,Centrica,CENTRICA PLC,Withdrawal,Utilities,United Kingdom,0,9.36,0,0,0.191685742,277.455,1.01,0,0,n.a.,n.a.,5.1,19807.08786,36387.32921
Charles Schwab,Charles Schwab,THE CHARLES SCHWAB CORPORATION,Withdrawal,Financials,United States,0,41.638,0,0,n.a.,n.a.,n.a.,2,0,n.a.,n.a.,1.16,18524,667270
Chemours,Chemours,THE CHEMOURS COMPANY,Suspension,Materials,United States,0.009613869,10.654,0,0,0.19218543,428.862,1.8,2,0,n.a.,n.a.,8.95,6345,7550
Chevron,Chevron,CHEVRON CORPORATION,Suspension,Energy,United States,0,13.906,0,0,0.02354562,53.119,1.259,2,0,n.a.,n.a.,9.03,155606,239535
Ciena,Ciena,CIENA CORPORATION,Suspension,Communication Services,United States,0,12.781,0,0,0.292390468,31.348,3.508,1,1,n.a.,0,9.51,3620.684,4865.227
Cisco,NO,CISCO SYSTEMS INC,Withdrawal,Information Technology,United States,n.a.,26.621,n.a.,n.a.,0.09410546,78.675,1.49,2,0,n.a.,n.a.,13.6,49818,97497
Clarivate,Clarivate,CLARIVATE PLC,Withdrawal,Industrials,United Kingdom,0,-13.754,0,0,0.021348632,53.545,0.861,2,0,n.a.,n.a.,-1.28,1876.894,20182.979
Clorox,Clorox,THE CLOROX COMPANY,Suspension,Consumer Staples,United States,0,12.26,0,0,0.05036312,n.a.,0.89,0,0,n.a.,n.a.,14.21,7341,6334
Cloudflare,Cloudflare,"CLOUDFLARE, INC.",Digging In,Information Technology,United States,0,-37.777,0,0,0.132279767,156.88,6.778,2,0,n.a.,n.a.,-10.45,656.426,2372.071
CME Group,CME Group,CME GROUP INC,Suspension,Financials,United States,0,71.8,0,0,n.a.,n.a.,n.a.,2,0,n.a.,n.a.,1.71,4698.6,196780.3
Coca-Cola,Coca-Cola,THE COCA-COLA COMPANY,Scaling Back,Consumer Staples,United States,0.015987582,32.143,0.003327893,0.192835443,0.102634758,229.327,1.13,0,0,n.a.,n.a.,13.17,38655,94354
Cogent Communications,Cogent Communications,"COGENT COMMUNICATIONS HOLDINGS, INC.",Suspension,Communication Services,United States,0,12.109,0,0,0.32462214,n.a.,5.056,1,0,n.a.,n.a.,7.25,589.797,984.557
Coinbase,Coinbase,"COINBASE GLOBAL, INC.",Scaling Back,Financials,United States,0,38.612,0,0,0.334837628,54.432,1.609,2,0,n.a.,n.a.,14.23,7839.444,21274.425
Colgate-Palmolive,Colgate-Palmolive,COLGATE-PALMOLIVE COMPANY,Buying Time,Consumer Staples,United States,0.015555938,17.72,0.005917553,0.063017751,0.055319149,n.a.,1.085,0,3,2184,203,20.53,17421,15040
Columbia Sportswear,Columbia Sportswear,COLUMBIA SPORTSWEAR COMPANY,Suspension,Consumer Discretionary,United States,0,14.442,0,0,0.248898644,19.982,3.107,1,0,n.a.,n.a.,14.72,3126.402,3067.128
Commerzbank,Commerzbank,COMMERZBANK AG,Suspension,Financials,Germany,0,1.091,0.001615074,0,n.a.,n.a.,n.a.,2,2,1,554,0.02,11008.87499,529387.5771
Commvault,Commvault,"COMMVAULT SYSTEMS, INC.",Withdrawal,Information Technology,United States,0,5.641,0,0,0.327795069,64.96,1.228,2,0,n.a.,n.a.,5.32,769.591,816.08
Compass Group,Compass Group,COMPASS GROUP PLC,Withdrawal,Consumer Staples,United Kingdom,0.001163138,2.59,0.000200249,0.001393101,0.123755717,99.776,0.947,0,0,n.a.,n.a.,3.12,24072.81837,19975.14586
Continental,Continental,CONTINENTAL AG,Scaling Back,Consumer Discretionary,Germany,0.00987304,5.041,0.006774517,0.011688278,0.063310529,92.053,1.248,1,2,0,0,5.66,45578.66787,40593.3011
Convatec,Convatec,CONVATEC GROUP PLC,Buying Time,Health Care,United Kingdom,0,7.423,0,0,0.126129559,91.739,1.952,0,1,3,1,4.12,2038.3,3674
Corning,Corning,CORNING INCORPORATED,Scaling Back,Information Technology,United States,0.001278228,17.022,0,0.001176471,0.07123433,102.375,1.594,2,0,n.a.,n.a.,7.95,14082,30154
Corteva,Corteva,"CORTEVA, INC",Withdrawal,Consumer Staples,United States,0.000894283,14.986,0.000141697,0.004809524,0.105304175,29.164,1.626,0,0,n.a.,n.a.,5.54,15655,42344
Costco,Costco,COSTCO WHOLESALE CORPORATION,Suspension,Consumer Discretionary,United States,0,3.409,0,0,0.189950732,74.778,1.002,1,0,n.a.,n.a.,11.27,195929,59268
Coty,Coty,COTY INC.,Withdrawal,Consumer Staples,United States,0.032398108,-5.179,0,0,0.018515272,295.015,0.738,0,0,n.a.,n.a.,-1.75,4629.9,13691.4
Coursera,Coursera,"COURSERA, INC.",Suspension,Consumer Discretionary,United States,0,-34.455,0,0,0.605539623,2.195,4.437,1,0,n.a.,n.a.,-14.92,415.287,958.91
Covestro,Covestro,COVESTRO AG,Withdrawal,Materials,Germany,5.52069E-05,13.662,0,0.000502541,0.041680046,54.793,1.93,2,0,n.a.,n.a.,14.03,18113.67672,17635.71939
Crocs,Crocs,"CROCS, INC.",Suspension,Consumer Discretionary,United States,0.027664717,28.696,0.007119428,0.027902946,0.137985513,n.a.,1.717,1,1,3,2,42.97,2313.416,1545.068
Cummins,Cummins,CUMMINS INC.,Withdrawal,Industrials,United States,0.019191541,11.452,0.008561788,0.011686144,0.109320962,96.896,1.738,2,2,0,49,11.6,24021,23710
Danaher,Danaher,DANAHER CORPORATION,Suspension,Health Care,United States,0.00362874,26.252,0.000841508,0.0018125,0.031087709,66.166,1.431,0,1,106,56,7.83,24802,83184
Deckers,Deckers,DECKERS OUTDOOR CORPORATION,Suspension,Consumer Discretionary,United States,0,17.923,0,0,0.361679494,16.359,3.235,1,0,n.a.,n.a.,24.21,3150.339,2332.25
Deere,John Deere,DEERE & COMPANY,Scaling Back,Industrials,United States,0.008922881,17.304,0.012934827,0.001760424,0.095311125,260.442,0.977,2,0,n.a.,n.a.,9.04,43932,84114
Dell,Dell,DELL TECHNOLOGIES INC.,Withdrawal,Information Technology,United States,0.007559513,5.853,0.002027282,0.014165414,0.102194425,n.a.,0.801,2,2,1863,0,6.39,101197,92735
Delta Air Lines,Delta Air Lines,"DELTA AIR LINES, INC.",Withdrawal,Industrials,United States,0,1.331,0,0,0.109482604,n.a.,0.76,2,0,n.a.,n.a.,0.55,29899,72459
Dentsply Sirona,Dentsply Sirona,DENTSPLY SIRONA INC.,Digging In,Health Care,United States,0.018671709,12.881,0.0020565,0.011266667,0.036692283,63.331,1.469,0,3,129,28,5.9,4231,9239
Deutsche Bank,Deutsche Bank,DEUTSCHE BANK AG,Withdrawal,Financials,Germany,0.004932729,13.244,0.000982291,0.018079042,n.a.,n.a.,n.a.,2,4,0,463,0.26,28990.03747,1499554.879
Deutsche Telekom,Deutsche Telekom,DEUTSCHE TELEKOM AG,Withdrawal,Communication Services,Germany,0.000594086,7.2,9.71876E-05,0.009236681,0.027046412,205.67,1,1,0,n.a.,n.a.,2.81,124561.1166,318970.8268
DHL,DHL,DEUTSCHE POST AG,Suspension,Industrials,Germany,0.001568004,8.83,0.000583136,0.000393406,0.055525852,123.099,1.087,2,4,437,30,11.57,94387.51182,72024.31875
Diageo,Diageo,DIAGEO PLC,Suspension,Consumer Staples,United Kingdom,0.006451191,29.074,0.000428929,0.031782025,0.08603261,198.672,1.602,0,2,862,5,11.6,17671.15657,44296.42002
Discovery,Discovery,"WARNER BROS. DISCOVERY, INC.",Suspension,Communication Services,United States,0,11.755,0,0,0.113428414,170.411,2.1,1,0,n.a.,n.a.,4.16,12191,34427
Disney,Disney,WALT DISNEY COMPANY (THE),Suspension,Communication Services,United States,0.003174226,3.799,0.000726883,0.000815789,0.078380622,101.505,1.083,1,0,n.a.,n.a.,1.26,67418,203609
Donaldson Company,Donaldson Company,"DONALDSON COMPANY, INC.",Withdrawal,Industrials,United States,0,13.35,0,0,0.092825598,57.735,2.051,2,0,n.a.,n.a.,15.87,2853.9,2400.2
Dover Corporation,Dover Corporation,DOVER CORPORATION,Scaling Back,Industrials,United States,0.002276441,17.716,0,0.0012,0.037054769,94.67,1.361,2,1,105,2,13.47,7907.081,10403.627
Dow,Dow,DOW INC.,Scaling Back,Materials,United States,0.002910784,14.818,0.001508176,0.004285714,0.047436101,175.227,1.576,2,0,n.a.,n.a.,12.93,54968,62990
Draftkings,DraftKings,DRAFTKINGS INC.,Withdrawal,Consumer Discretionary,United States,0,n.s.,0,0,0.646303047,87.047,2.962,1,0,n.a.,n.a.,-37.3,1296.025,4069.054
Duolingo,Duolingo,"DUOLINGO, INC.",Scaling Back,Information Technology,United States,0,-23.909,0,0,0.837611956,5.677,5.198,2,0,n.a.,n.a.,-9.07,250.772,661.311
DuPont,DuPont,"DUPONT DE NEMOURS, INC.",Suspension,Materials,United States,0,11.491,0,0,0.043144376,54.262,2.901,2,0,n.a.,n.a.,3.16,12566,45707
DWS,DWS,DWS GROUP GMBH & CO. KGAA,Withdrawal,Financials,Germany,0,37.141,0,0,n.a.,n.a.,n.a.,2,0,n.a.,n.a.,9.35,3311.723299,13150.62217
DXC Technology,DXC Technology,DXC TECHNOLOGY COMPANY,Withdrawal,Information Technology,United States,0.000614817,7.015,0,0.000361538,0.132677889,173.634,1.087,2,2,18,0,5.67,16265,20139
E.ON,E.ON,E.ON SE,Scaling Back,Utilities,Germany,0,n.a.,n.a.,0,n.a.,n.a.,n.a.,0,2,48,24,n.a.,58.32891583,n.a.
eBay,eBay,EBAY INC,Suspension,Consumer Discretionary,United States,0.000287908,3.82,0,0,0.051791482,138.893,1.971,1,0,n.a.,n.a.,1.5,10420,26626
Elanco,Elanco,ELANCO ANIMAL HEALTH INCORPORATED,Scaling Back,Health Care,United States,0.01070529,-11.986,0.001577383,0.006938776,0.038706546,100.769,1.994,0,1,n.a.,n.a.,-3.46,4764,16483
Electronic Arts,Electronic Arts,ELECTRONIC ARTS INC,Withdrawal,Communication Services,United States,0,15.463,1.61031E-05,0,0.197971014,34.911,1.182,1,0,n.a.,n.a.,7.83,6991,13800
Eli Lilly,Eli Lilly,ELI LILLY AND COMPANY,Buying Time,Health Care,United States,0.00685067,21.737,0.002663607,0.0042,0.078238331,293.037,1.226,0,1,4,22,12.61,28318.4,48806
Emerson Electric,Emerson Electric,EMERSON ELECTRIC CO,Withdrawal,Industrials,United States,0.017476028,13.625,0.009144244,0.016482122,0.095245802,92.32,1.35,2,6,447,42,7.13,12932,24715
Energizer,Energizer,"ENERGIZER HOLDINGS, INC.",Withdrawal,Industrials,United States,0,5.103,0,0,0.047708437,n.a.,1.521,2,0,n.a.,n.a.,3.08,3021.5,5007.5
EnerSys,EnerSys,ENERSYS,Withdrawal,Industrials,United States,0,5.181,0,0,0.107713709,104.49,2.7,2,1,n.a.,1,4.66,3357.319,3736.646
EPAM,EPAM,"EPAM SYSTEMS, INC.",Withdrawal,Information Technology,United States,0.106169428,14.193,0.07237683,0.060587515,0.410596592,10.964,2.973,2,0,n.a.,n.a.,15.14,3758.144,3523.227
Equinix,Equinix,"EQUINIX, INC.",Suspension,Real Estate,United States,0,9.177,0,0,0.055029715,143.461,1.841,1,0,n.a.,n.a.,2.18,6635.537,27918.698
Estee Lauder,Estee Lauder,THE ESTEE LAUDER COMPANIES INC.,Suspension,Consumer Staples,United States,0.014061055,20.543,0.003595649,0.018887097,0.225661099,175.797,1.844,0,0,n.a.,n.a.,15.16,16215,21971
Etsy,Etsy,"ETSY, INC.",Withdrawal,Consumer Discretionary,United States,0,20.25,0,0,0.203610357,412.017,2.179,1,0,n.a.,n.a.,12.31,2329.114,3831.809
Euronet Worldwide,Euronet Worldwide,EURONET WORLDWIDE INC,Withdrawal,Financials,United States,0,4.529,0,0,0.380224085,130.717,1.786,2,1,n.a.,0,2.86,2995.443,4744.276
Evonik,Evonik,EVONIK INDUSTRIES AG,Withdrawal,Materials,Germany,0.008911364,7.157,0.00194145,0.001817961,0.020463113,95.711,1.531,2,1,4,8,4.87,17169.08806,25238.86525
Expedia,Expedia,"EXPEDIA GROUP, INC.",Withdrawal,Consumer Discretionary,United States,0,-0.442,0,0,0.190783367,523.861,0.866,1,1,n.a.,n.a.,-0.18,8598,21548
Exxonmobil,ExxonMobil,EXXON MOBIL CORPORATION,Withdrawal,Energy,United States,0.000249375,11.288,0,0.001492063,0.020069455,68.87,1.044,2,4,0,0,9.22,276692,338923
FedEx,FedEx,FEDEX CORPORATION,Suspension,Industrials,United States,0.000666992,7.949,0.000157048,0.001487234,0.08561557,186.59,1.507,2,0,n.a.,n.a.,8.06,83959,82777
FICO,FICO,FAIR ISAAC CORPORATION,Withdrawal,Information Technology,United States,0,35.938,0,0,0.124605811,n.a.,0.985,2,0,n.a.,n.a.,30.18,1316.536,1567.776
Fidelity,Fidelity,"FIDELITY NATIONAL INFORMATION SERVICES, INC.",Suspension,Financials,United States,0,7.699,0,0,0.024237016,48.018,0.74,2,0,n.a.,n.a.,0.87,9339,82931
FIGMA,Figma,FIGMA INC,Scaling Back,Information Technology,United States,n.a.,n.a.,n.a.,n.a.,n.a.,n.a.,n.a.,2,0,n.a.,n.a.,n.a.,n.a.,n.a.
Fiskars,Fiskars,FISKARS OYJ ABP,Withdrawal,Consumer Discretionary,Finland,0.035117493,11.463,0,0.009865471,0.021943574,25.505,1.13,1,0,n.a.,n.a.,10.04,1423.791847,1625.847741
Five9,Five9,"FIVE9, INC.",Withdrawal,Information Technology,United States,0,-10.546,0,0,0.075553547,390.388,3.917,2,0,n.a.,n.a.,-5.39,609.591,1192.942
Fleetcor,Fleetcor,CORPAY INC,Digging In,Financials,United States,0,39.129,0,0.06185567,0.113395475,197.007,1.037,2,0,n.a.,n.a.,8.27,2833.736,13404.653
Flowserve,Flowserve,FLOWSERVE CORP,Withdrawal,Industrials,United States,0.007060033,3.773,0.002947512,0.003125,0.138628245,102.792,2.111,2,1,1,4,2.81,3541.06,4749.768
FMC Corporation,FMC,FMC CORP,Withdrawal,Materials,United States,0.019027987,17.716,0.011711686,0.0521875,0.048420796,131.645,1.436,2,0,n.a.,n.a.,8.37,5045.2,10673.1
Ford,NO,FORD MOTOR COMPANY,Withdrawal,Consumer Discretionary,United States,n.a.,13.041,n.a.,n.a.,0.079911296,314.073,1.201,1,0,n.a.,n.a.,6.92,136341,257035
Fortinet,Fortinet,"FORTINET, INC.",Suspension,Information Technology,United States,0.029920412,18.802,0,0,0.222854826,360.663,1.553,2,0,n.a.,n.a.,10.62,3342.2,5919.1
Fortive,Fortive,FORTIVE CORPORATION,Scaling Back,Industrials,United States,0,12.893,0,0,0.049758586,56.665,0.677,2,0,n.a.,n.a.,4.12,5254.7,16465.5
Fortum,Fortum,FORTUM OYJ,Withdrawal,Utilities,Finland,0.008931721,-0.251,0.014790029,0.140386625,0.050413935,300.256,0.999,0,0,n.a.,n.a.,-0.19,130657.9041,169506.0946
Fresenius,Fresenius,FRESENIUS SE & CO. KGAA,Digging In,Health Care,Germany,0.004985244,9.636,0.001815858,0.004960801,0.03840916,105.593,1.159,0,0,n.a.,n.a.,5.08,42926.68425,81504.18333
Gap Inc,Gap Inc,"THE GAP, INC.",Suspension,Consumer Discretionary,United States,0,1.938,0,0,0.068725022,219.03,1.267,1,0,n.a.,n.a.,2.53,16670,12761
GEA Group,GEA Group,GEA GROUP AKTIENGESELLSCHAFT,Scaling Back,Industrials,Germany,1.197221281,n.a.,n.a.,2.769607843,n.a.,n.a.,n.a.,2,3,116,46,n.a.,131.136994,n.a.
Generac,Generac,GENERAC HOLDINGS INC.,Suspension,Industrials,United States,0,18.504,0,0,0.030206159,68.391,1.599,2,1,1,0,14.18,3737.184,4877.78
General Electric (GE),General Electric (GE),GENERAL ELECTRIC COMPANY,Scaling Back,Industrials,United States,0.003931361,-10.085,0.002282852,0.03389881,0.079296439,275.056,1.277,2,0,n.a.,n.a.,-2.86,56469,198874
General Mills,General Mills,"GENERAL MILLS, INC.",Scaling Back,Consumer Staples,United States,0.006509627,15.763,0.001130586,0.007742857,0.047271049,174.961,0.696,0,1,271,35,8.97,18127,31841.9
Gilead Sciences,Gilead Sciences,"GILEAD SCIENCES, INC.",Buying Time,Health Care,United States,0.00043948,30.317,0.000132446,0.003888889,0.078555451,174.612,1.272,0,1,46,10,12.18,27305,67952
GlaxoSmithKline,GlaxoSmithKline,GSK PLC,Buying Time,Health Care,United Kingdom,0.00747655,15.752,0.00144918,0.002797017,0.054030821,162.314,0.789,0,4,188,148,6.88,46411.77913,106266.9609
GM,NO,GENERAL MOTORS COMPANY,Withdrawal,Consumer Discretionary,United States,n.a.,10.012,n.a.,n.a.,0.082000507,241.507,1.103,1,0,n.a.,n.a.,5.2,127004,244718
GoDaddy,GoDaddy,GODADDY INC.,Withdrawal,Information Technology,United States,0,6.646,0,0,0.169297974,n.a.,0.776,2,0,n.a.,n.a.,3.42,3815.7,7417.1
Goldman Sachs,Goldman Sachs,"THE GOLDMAN SACHS GROUP, INC.",Scaling Back,Financials,United States,0,45.682,0.000107924,0,n.a.,n.a.,n.a.,2,2,0,11049,1.86,59457,1463990
Goodyear,Goodyear,THE GOODYEAR TIRE & RUBBER COMPANY,Suspension,Consumer Discretionary,United States,0.012301179,2.935,0.002710027,0.015291667,0.05083637,202.721,1.109,1,1,1037,22,2.4,17478,21402
Greif,Greif,GREIF INC,Buying Time,Materials,United States,0.019978042,8.614,0.010144778,0.0274375,0.021424396,205.224,1.266,2,1,n.a.,n.a.,8.23,5556.1,5815.8
Grid Dynamics,Grid Dynamics,"GRID DYNAMICS HOLDINGS, INC.",Withdrawal,Information Technology,United States,0.132525559,-1.161,0,0.12217471,0.562342483,1.904,7.606,2,0,n.a.,n.a.,-0.96,211.28,256.719
Guess,Guess,"GUESS, INC.",Digging In,Consumer Discretionary,United States,0.016977726,9.79,0.010564918,0.0292,0.162607782,186.053,1.57,1,1,430,57,9.93,2591.631,2555.628
GXO Logistics,GXO Logistics,"GXO LOGISTICS, INC.",Withdrawal,Industrials,United States,0.011712846,1.927,0.006464035,0.0178,0.045798377,111.655,0.901,2,0,n.a.,n.a.,2.1,7940,7271
Halliburton,Halliburton,HALLIBURTON CO,Withdrawal,Energy,United States,0.002549853,8.186,0,0.0002,0.136373818,168.851,2.309,2,0,n.a.,n.a.,5.61,15295,22321
Hannover Re,Hannover Re,HANNOVER RUECK SE,Suspension,Financials,Germany,0,6.842,0,n.a.,n.a.,n.a.,n.a.,2,0,n.a.,n.a.,1.99,27345.10768,93895.1161
Hapag Lloyd,Hapag Lloyd,HAPAG-LLOYD AG,Suspension,Industrials,Germany,0,40.976,0,0,0.289108911,31.523,1.918,2,0,n.a.,n.a.,34.24,25280.88472,30256.85091
Harley-Davidson,Harley-Davidson,"HARLEY-DAVIDSON, INC.",Suspension,Consumer Discretionary,United States,0,15.352,0,0,0.169643984,262.31,1.361,1,1,n.a.,0,7.41,5336.308,11051.055
Harvia,Harvia,HARVIA OYJ,Withdrawal,Consumer Discretionary,Finland,0.049143614,25.167,0,0.001213592,0.076866575,100.988,2.535,1,0,n.a.,n.a.,22.44,203.4852364,228.2099012
Hasbro,Hasbro,"HASBRO, INC.",Suspension,Consumer Discretionary,United States,0.015575354,9.063,0.010659706,0.050753012,0.101536193,157.18,1.518,1,0,n.a.,n.a.,5.8,6420.4,10037.8
Hays plc,Hays plc,HAYS PLC,Withdrawal,Industrials,United Kingdom,0.014142479,9.596,0.001540101,0.059565782,0.219161996,20.498,1.633,2,0,n.a.,n.a.,4.7,1272.761344,2597.23165
HeidelbergCement,HeidelbergCement,HEIDELBERG MATERIALS AG,Buying Time,Materials,Germany,0.011716562,14.861,0.007045394,0.009607686,0.092406314,63.657,1.156,2,7,730,27,8.4,21593.36464,38180.9757
Henkel,Henkel,HENKEL AG & CO. KGAA,Withdrawal,Consumer Staples,Germany,0.057708308,10.633,0.015567181,0.045795996,0.064770884,18.531,1.123,0,0,n.a.,n.a.,6.58,22890.98481,37000.91944
Hertz,Hertz,"HERTZ GLOBAL HOLDINGS, INC",Withdrawal,Consumer Discretionary,United States,0,9.31,0,0,0.114138402,460.329,0.972,1,0,n.a.,n.a.,3.45,7336,19783
HHLA,HHLA,HAMBURGER HAFEN UND LOGISTIK AG,Suspension,Financials,Germany,0,12.668,0,0,0.055509932,251.283,1.386,2,0,n.a.,n.a.,6.84,1713.154236,3173.427138
Hilton,Hilton,HILTON WORLDWIDE HOLDINGS INC.,Buying Time,Consumer Discretionary,United States,0,9.675,0,0,0.095643432,n.a.,0.778,1,0,n.a.,n.a.,3.75,5788,14920
Honeywell,Honeywell,HONEYWELL INTERNATIONAL INC,Withdrawal,Industrials,United States,0.004739474,21.037,0.005770126,0.007454545,0.16998604,151.844,1.301,2,0,n.a.,n.a.,11.22,34392,64470
HP Enterprise (Independent from HP Inc.),HP Enterprise (Independent from HP Inc.),HEWLETT PACKARD ENTERPRISE COMPANY,Withdrawal,Information Technology,United States,0,12.91,0,0,0.069255966,98.413,0.913,2,1,n.a.,n.a.,6.22,27784,57699
HP Inc.,HP (Hewlett-Packard),HP INC.,Withdrawal,Information Technology,United States,0.011991806,11.926,0.008184408,0.065058824,0.111344211,n.a.,0.762,2,1,n.a.,n.a.,19.6,63460,38610
HSBC,HSBC,HSBC HOLDINGS PLC,Buying Time,Financials,United Kingdom,0.0006274,35.944,0.000359034,0.000909091,n.a.,n.a.,n.a.,2,0,n.a.,n.a.,0.64,52598,2957939
Hugo Boss,Hugo Boss,HUGO BOSS AG,Suspension,Consumer Discretionary,Germany,0.033591619,7.066,0.013878789,0.01395912,0.104073007,90.456,1.307,1,0,n.a.,n.a.,7.2,3155.549043,3098.253058
Huhtamaki,Huhtamaki,HUHTAMAKI OYJ,Withdrawal,Materials,Finland,0.030965131,7.32,0.017688804,0.037006747,0.038901854,126.54,1.22,2,0,n.a.,n.a.,5.79,4069.093125,5144.497117
Huntsman Corporation,Huntsman Corporation,HUNTSMAN CORPORATION,Digging In,Materials,United States,0.018122555,16.245,0.006494889,0.053333333,0.110839012,68.415,1.915,2,2,153,68,13.27,7670,9392
Hyatt,Hyatt,HYATT HOTELS CORPORATION,Buying Time,Consumer Discretionary,United States,0,1.453,0,0,0.07617234,191.356,0.924,1,0,n.a.,n.a.,0.35,3028,12603
IBM,IBM,INTERNATIONAL BUSINESS MACHINES CORP,Withdrawal,Information Technology,United States,0.002545772,8.434,0.000431815,0.003663849,0.050378406,456.304,0.879,2,0,n.a.,n.a.,3.66,57350,132001
IDEXX Labs,Idexx Labs,"IDEXX LABORATORIES, INC.",Withdrawal,Health Care,United States,0.00217705,28.073,0,0.00173913,0.059270401,153.426,1.252,0,0,n.a.,n.a.,37.04,3215.36,2437.203
IFF,NO,INTERNATIONAL FLAVORS & FRAGRANCES INC,Buying Time,Consumer Discretionary,United States,n.a.,3.037,n.a.,n.a.,0.017928287,72.332,1.923,1,8,326,101,0.89,11656,39658
Illinois Tool Works,Illinois Tool Works,ILLINOIS TOOL WORKS INC.,Suspension,Industrials,United States,0,23.009,0,0,0.094980407,263.448,1.837,2,5,639,15,20.69,14455,16077
IMI Plc,IMI PLC,IMI PLC,Withdrawal,Materials,United Kingdom,0,13.108,0,0,0.043618591,109.742,1.196,2,0,n.a.,n.a.,11.28,2506.78418,2913.565665
Imperial Brands,Imperial Brands,IMPERIAL BRANDS PLC,Withdrawal,Consumer Staples,United Kingdom,0.025627242,9.875,0.013458747,0.057557756,0.044242008,208.636,0.759,0,0,n.a.,n.a.,11.13,44054.68173,39082.39125
Inchcape,Inchcape,INCHCAPE PLC,Withdrawal,Industrials,United Kingdom,0.130459656,2.55,0.001046036,0.116127259,0.167617549,61.3,1.202,2,0,n.a.,n.a.,5.48,10263.70944,4779.951121
Infineon,Infineon,INFINEON TECHNOLOGIES AG,Withdrawal,Information Technology,Germany,7.76368E-05,11.857,0,7.95418E-05,0.074955001,65.722,1.857,2,0,n.a.,n.a.,5.65,12880.48596,27018.45194
Ingersoll Rand,Ingersoll Rand,INGERSOLL RAND INC.,Scaling Back,Industrials,United States,0.000388169,9.957,0.002045597,0.002625,0.139206176,52.481,2.804,2,2,2,1,3.39,5152.4,15154.5
Ingram Micro,Ingram Micro,INGRAM MICRO HOLDING CORPORATION,Buying Time,Information Technology,United States,0.000312181,1.142,0.000353576,n.a.,0.062021252,196.736,1.392,2,0,n.a.,n.a.,3.14,54455.572,19797.714
Intercontinental Exchange,Intercontinental Exchange,"INTERCONTINENTAL EXCHANGE, INC.",Withdrawal,Financials,United States,0,62.151,0,0,0.003136918,78.74,1.006,2,0,n.a.,n.a.,2.95,9168,193502
Intercontinental Hotels (IHG),Intercontinental Hotels,INTERCONTINENTAL HOTELS GROUP PLC,Withdrawal,Consumer Discretionary,United Kingdom,0.001370802,12.371,0.000848176,0.008242989,0.307463953,n.a.,1.272,1,1,1,2,7.66,2918,4716
International Paper,International Paper,INTERNATIONAL PAPER COMPANY,Withdrawal,Materials,United States,0.148685638,5.159,0.158222081,0.405968586,0.051301351,134.475,1.712,2,0,n.a.,n.a.,3.96,19363,25243
Intuit,Intuit,INTUIT INC,Suspension,Information Technology,United States,0,26.534,0,0,0.165119876,30.317,1.942,2,0,n.a.,n.a.,16.47,9633,15516
IPG Photonics,IPG Photonics,IPG PHOTONICS CORPORATION,Scaling Back,Information Technology,United States,0.193036978,25.087,0.084843591,0.102735562,0.22365433,4.684,7.49,2,0,n.a.,n.a.,11.56,1460.86,3170.54
IQVIA,IQVIA,IQVIA HOLDINGS INC.,Digging In,Industrials,United States,0.001513623,8.13,0,0.002177215,0.055328284,223.535,0.909,2,3,79,3,4.57,13874,24689
Iridium,Iridium Communications,IRIDIUM COMMUNICATIONS INC.,Digging In,Communication Services,United States,0.027940512,-4.701,0.004612753,0.060773481,0.100890815,139.797,3.9,1,2,35,9,-0.91,614.5,3180.795
J Sainsbury,J Sainsbury,SAINSBURY (J) PLC,Withdrawal,Consumer Staples,United Kingdom,0,2.836,0,0,0.03065547,102.992,0.684,0,0,n.a.,n.a.,3.17,40337.54039,36047.28165
Jabil,Jabil,"JABIL, INC.",Withdrawal,Information Technology,United States,0.000307325,3.223,0.000240183,0.004936975,0.09409151,184.036,1.018,2,0,n.a.,n.a.,5.67,29285,16654
JD Sports,JD Sports,JD SPORTS FASHION PLC,Withdrawal,Consumer Discretionary,United Kingdom,0,7.621,0,0,0.185892539,124.581,1.418,1,0,n.a.,n.a.,9.26,11514.30391,9474.751302
JLL,JLL,JONES LANG LASALLE INC,Withdrawal,Real Estate,United States,0,6.318,0,0,0.038290874,50.256,0.985,1,2,60,0,7.89,19367,15505
Johnson & Johnson,Johnson & Johnson,JOHNSON & JOHNSON,Buying Time,Health Care,United States,0.014135128,24.356,0.004884132,0.01146789,0.026574295,87.675,1.348,0,1,1594,635,10.54,78740,182018
Johnson Matthey,Johnson Matthey,JOHNSON MATTHEY PLC,Withdrawal,Materials,United Kingdom,0.005364992,-0.272,0.005143177,0.006478034,0.058655866,56.329,1.327,2,0,n.a.,n.a.,-0.66,21248.86533,8749.455574
JPMorgan,JPMorgan,JPMORGAN CHASE & CO,Scaling Back,Financials,United States,0.001981576,48.802,0.000150658,0.007773996,n.a.,n.a.,n.a.,2,0,n.a.,n.a.,1.59,122125,3743570
Jungheinrich,Jungheinrich,JUNGHEINRICH AG,Suspension,Industrials,Germany,0.038059499,8.224,0.017599908,0.029471811,0.082268645,120.161,1.356,2,1,59,0,6.05,4808.260931,6534.125207
Kelly,Kelly,"KELLY SERVICES, INC.",Withdrawal,Industrials,United States,0.022404628,3.784,0,0.825675676,0.038939949,34.778,1.451,2,0,n.a.,n.a.,6.42,4909.7,2894.2
Kemira,Kemira,KEMIRA OYJ,Withdrawal,Consumer Discretionary,Finland,0.011871691,5.352,0.005062476,0.031059683,0.045360431,90.929,1.244,1,0,n.a.,n.a.,4.57,3032.424063,3555.572145
Kennametal,Kennametal Inc.,KENNAMETAL INC.,Withdrawal,Industrials,United States,0.008145795,3.511,0,0.002431963,0.057787251,67.596,2.297,2,0,n.a.,n.a.,2.43,1841.441,2665.761
Kesko,Kesko,KESKO OYJ,Withdrawal,Consumer Staples,Finland,0,5.82,0,0,0.028409417,81.269,0.982,0,0,n.a.,n.a.,10.23,13872.20183,7889.693742
Kimberly-Clark,Kimberly-Clark,KIMBERLY-CLARK CORPORATION,Buying Time,Consumer Staples,United States,0.028343621,11.445,0.015024948,0.0502,0.015137075,n.a.,0.825,0,1,15878,277,12.47,19440,17837
KION Group,KION Group,KION GROUP AG,Withdrawal,Industrials,Germany,0.002736052,7.357,0.002506582,0.009923741,0.030471456,109.039,0.92,2,0,n.a.,n.a.,4.79,11695.68382,17952.73421
Knorr-Bremse,Knorr-Bremse,KNORR-BREMSE AG,Withdrawal,Industrials,Germany,0.009028883,13.054,0.006622702,0.007104505,0.191718174,120.743,1.46,2,0,n.a.,n.a.,12.24,7642.141293,8153.771962
KONE,Kone,KONE OYJ,Suspension,Industrials,Finland,0.007687336,12.5,0.009809863,0.01065051,0.050450599,27.266,1.225,2,0,n.a.,n.a.,13.59,11967.73441,11009.32803
Konecranes,Konecranes,KONECRANES OYJ,Suspension,Industrials,Finland,0.011875425,6.021,0.008953673,0.011524769,0.083389672,72.711,1.162,2,1,n.a.,n.a.,5.01,3620.923183,4355.754262
Korn Ferry,Korn Ferry,KORN FERRY,Suspension,Industrials,United States,0.004395735,8.995,0.003271688,0.005957663,0.278348033,68.873,1.983,2,0,n.a.,n.a.,5.36,1819.946,3056.526
Koskisen,Koskisen,KOSKISEN OYJ,Withdrawal,Industrials,Finland,0,15.348,0,0,0.152456741,135.486,1.725,2,0,n.a.,n.a.,23.94,353.7971536,226.8666372
Kraft Heinz - JBS,Kraft Heinz,THE KRAFT HEINZ COMPANY,Buying Time,Consumer Staples,United States,0.01175025,6.559,0.001456196,0.055083333,0.036886738,72.563,0.992,0,5,2562,234,1.83,26042,93394
Lamb Weston,Lamb Weston,"LAMB WESTON HOLDINGS, INC.",Withdrawal,Consumer Staples,United States,0,9.712,0,0,0.18613104,653.891,2.882,0,0,n.a.,n.a.,8.47,3670.9,4209.4
Lanxess,LANXESS,LANXESS AG,Suspension,Materials,Germany,0.000915896,4.315,0.000503665,0.001748957,0.061133295,117.119,1.845,2,0,n.a.,n.a.,3.16,8734.613571,11912.69003
Lear Corporation,Lear Corporation,LEAR CORPORATION,Withdrawal,Consumer Discretionary,United States,0.007579258,3.029,0,0,0.098731314,85.065,1.421,1,1,n.a.,n.a.,4.37,19263.1,13352.4
Legal & General,Legal & General,LEGAL & GENERAL GROUP PLC,Scaling Back,Financials,United Kingdom,0,37.756,0,0,n.a.,n.a.,n.a.,2,0,n.a.,n.a.,0.45,9364.84058,782715.8206
Levi Strauss,Levi Strauss,LEVI STRAUSS & CO.,Suspension,Consumer Discretionary,United States,0.022727525,10.067,0.007118561,0.048373494,0.137331614,141.973,1.449,1,1,2,12,9.83,5763.936,5900.069
Lincoln Electric,Lincoln Electric,"LINCOLN ELECTRIC HOLDINGS, INC.",Withdrawal,Industrials,United States,0,10.049,0,0,0.074434857,118.673,1.706,2,1,151,3,12.54,3234.18,2592.307
Live Nation Entertainment,Live Nation Entertainment,"LIVE NATION ENTERTAINMENT, INC.",Suspension,Communication Services,United States,0,-9.751,0,0,0.339162696,n.a.,0.975,1,0,n.a.,n.a.,-4.24,6268.447,14402.318
London Stock Exchange Group,London Stock Exchange Group,LONDON STOCK EXCHANGE GROUP PLC,Withdrawal,Financials,United Kingdom,0,15.64,0,0,0.003385808,42.412,1.003,2,0,n.a.,n.a.,0.14,9250.65159,1057402.138
Loyalty Ventures,Loyalty Ventures,LOYALTY VENTURES INC.,Scaling Back,Consumer Discretionary,United States,0,6.777,0,0,0.072125943,597.279,1.041,1,0,n.a.,n.a.,2.14,735.307,2323.727
Lufthansa,Lufthansa,DEUTSCHE LUFTHANSA AKTIENGESELLSCHAFT,Withdrawal,Industrials,Germany,0,n.a.,n.a.,0,n.a.,n.a.,n.a.,2,10,2873,74,n.a.,5074.049377,n.a.
Lumen,Lumen,"LUMEN TECHNOLOGIES, INC.",Suspension,Communication Services,United States,0,13.72,0,0,0.006104185,342.382,1.609,1,0,n.a.,n.a.,4.66,19687,57993
M&G,M&G,M&G PLC,Suspension,Financials,United Kingdom,0,2.151,0,n.a.,n.a.,n.a.,n.a.,2,0,n.a.,n.a.,0.04,5057.900557,294384.5898
Manitowoc,Manitowoc,"THE MANITOWOC COMPANY, INC.",Buying Time,Industrials,United States,0.016277177,0.994,0,0.003695652,0.042474087,90.444,1.808,2,1,1,10,0.96,1720.2,1775.2
Marks & Spencer,Marks & Spencer,MARKS AND SPENCER GROUP PLC,Suspension,Consumer Staples,United Kingdom,0.008479296,-2.284,0.002523443,0.017247079,0.078079052,177.64,0.695,0,0,n.a.,n.a.,-2.42,12618.97278,11888.51731
Marriott,Marriott,"MARRIOTT INTERNATIONAL, INC.",Suspension,Consumer Discretionary,United States,0.001298982,8.516,0.000156537,0.002916667,0.054514147,n.a.,0.566,1,0,n.a.,n.a.,4.62,13857,25553
Marsh McLennan,Marsh McLennan,"MARSH & MCLENNAN COMPANIES, INC.",Withdrawal,Financials,United States,0.00110999,21.231,0.000203559,0.001578313,0.050948005,152.076,1.242,2,3,133,7,12.24,19820,34388
Marvell,Marvell,"MARVELL TECHNOLOGY, INC.",Suspension,Information Technology,United States,0,-10.835,0,0,0.027750879,32.36,1.796,2,0,n.a.,n.a.,-2.19,4462.383,22108.597
Mastercard,Mastercard,MASTERCARD INCORPORATED,Suspension,Information Technology,United States,0.01721062,54.082,0.008893254,0.01475,n.a.,n.a.,n.a.,2,0,n.a.,n.a.,27.36,19058,37669
Match Group,Match Group,"MATCH GROUP, INC.",Suspension,Communication Services,United States,0,8.586,0,0,0.16103844,n.a.,1.043,1,0,n.a.,n.a.,5.06,2983.277,5063.288
Mattel,Mattel,"MATTEL, INC.",Suspension,Consumer Discretionary,United States,0.018505825,8.626,0.01798591,0.001349862,0.114384442,205.679,1.799,1,0,n.a.,n.a.,7.36,5457.741,6393.894
McCormick,McCormick,"MCCORMICK & COMPANY, INCORPORATED",Suspension,Consumer Staples,United States,0,14.179,0,0,0.027251313,136.96,0.681,0,0,n.a.,n.a.,6.94,6317.9,12905.8
McDonald's,McDonald's,MCDONALD'S CORPORATION,Withdrawal,Consumer Discretionary,United States,0.057658604,39.306,0,0.31,0.087443343,n.a.,1.778,1,0,n.a.,n.a.,16.95,23222.9,53854.3
Mercedes-Benz,Mercedes-Benz,MERCEDES-BENZ GROUP AG,Withdrawal,Consumer Discretionary,Germany,0.000453803,15.903,0.001671851,0.005799623,0.088980915,185.323,1.174,1,1,n.a.,6076,11.08,204934.9648,294284.6705
Merck Group,Merck Group,"MERCK & CO., INC.",Buying Time,Health Care,United States,0.005790079,28.497,0.002157171,0.006485294,0.076598482,120.6,1.268,0,2,188,125,13.13,48704,105694
Merck KGaA,Merck KGaA,MERCK KGAA,Buying Time,Health Care,Germany,0.001095548,19.476,0,0.000381211,0.041863234,63.331,1.053,0,3,478,216,8.65,22819.63099,51377.01515
Meta,Meta,"META PLATFORMS, INC.",Suspension,Communication Services,United States,0,40.095,0,0,0.100013857,16.054,3.154,1,0,n.a.,n.a.,28.49,117929,165987
Mettler Toledo,Mettler Toledo,METTLER-TOLEDO INTERNATIONAL INC.,Suspension,Health Care,United States,0.01021221,25.513,0.004809429,0.008258427,0.029627287,n.a.,1.107,0,2,76,4,28.54,3721.036,3326.798
Micron,Micron,"MICRON TECHNOLOGY, INC.",Suspension,Information Technology,United States,0,22.444,0,0,0.131913881,19.682,3.099,2,0,n.a.,n.a.,10.57,27705,58849
Microsoft,Microsoft,MICROSOFT CORPORATION,Suspension,Information Technology,United States,0.000571129,42.3,0.000188748,0.038453039,0.042615024,78.878,2.08,2,2,2,30,21.3,168088,333779
Mohawk Industries,Mohawk Industries,"MOHAWK INDUSTRIES, INC.",Buying Time,Consumer Discretionary,United States,0.042319112,11.517,0.032479134,0.033860465,0.01890363,41.338,1.778,1,8,1449,476,9.07,11200.613,14224.517
Mondelez - Nabisco,Mondelez,"MONDELEZ INTERNATIONAL, INC.",Buying Time,Consumer Staples,United States,0.035358635,15.212,0.007845777,0.035227848,0.052852799,93.958,0.738,0,3,0,0,6.51,28720,67092
Mondi,NO,MONDI PLC,Withdrawal,Materials,United Kingdom,n.a.,12.728,n.a.,n.a.,0.051074398,56.065,1.684,2,0,n.a.,n.a.,10.61,8747.072175,10489.01145
MongoDB,MongoDB,"MONGODB, INC.",Suspension,Information Technology,United States,0,-34.664,0,0,0.193462737,189.09,4.02,2,0,n.a.,n.a.,-12.37,873.782,2449.588
Moody's,Moody's,MOODY'S CORPORATION,Scaling Back,Financials,United States,0,44.307,0,0,0.123365123,346.791,1.607,2,0,n.a.,n.a.,18.77,6218,14680
Moog Inc.,Moog Inc.,MOOG INC.,Withdrawal,Industrials,United States,0,7.145,0,0,0.029010806,88.994,1.977,2,0,n.a.,n.a.,5.94,2851.993,3433.169
Morgan Advanced Materials,Morgan Advanced Materials,MORGAN ADVANCED MATERIALS PLC,Withdrawal,Industrials,United Kingdom,0.010120205,11.504,0.005710312,0.000641026,0.139506849,95.852,1.89,2,0,n.a.,n.a.,12.06,1284.558967,1225.852393
Mothercare,Mothercare,MOTHERCARE PLC,Suspension,Consumer Discretionary,United Kingdom,1.653039995,13.455,2.380862423,13.62804878,0.25,n.a.,1.39,1,0,n.a.,n.a.,30.16,108.2853413,48.30182495
Motorola Solutions,Motorola Solutions. Inc.,"MOTOROLA SOLUTIONS, INC.",Suspension,Information Technology,United States,0.000367152,18.994,0,0.001390374,0.15374518,n.a.,1.332,2,1,n.a.,0,12.73,8171,12189
MSCI,MSCI,MSCI INC.,Withdrawal,Financials,United States,0,41.993,0,0,0.258130682,n.a.,1.713,2,0,n.a.,n.a.,15.58,2043.544,5506.703
Muehlhan AG,Muehlhan,GIVE AG,Digging In,Materials,Germany,1.917768994,n.a.,n.a.,9.615384615,n.a.,n.a.,n.a.,2,1,62,5,n.a.,7.300149311,n.a.
Munich Re,Munich Re Group (Munich Reinsurance Company),MUNCHENER RUCKVERSICHERUNGS-GESELLSCHAFT AKTIENGESELLSCHAFT IN MUNCHEN,Suspension,Financials,Germany,0,6.311,0,0,n.a.,n.a.,n.a.,2,1,n.a.,n.a.,1.12,62521.80217,353829.9991
Nalco Water (Ecolab),Nalco Water (Ecolab),ECOLAB INC.,Scaling Back,Industrials,United States,0,11.106,0,0,0.016971292,144.397,1.319,2,4,108,45,6.67,12733.1,21206.4
Nasdaq,Nasdaq,"NASDAQ, INC.",Withdrawal,Financials,United States,0,26.062,0,0,0.019537658,100.797,0.943,2,1,31,0,7.63,5886,20115
National Oilwell Varco,National Oilwell Varco,NOV INC,Buying Time,Energy,United States,0.001991311,-4.164,0.001989529,0.003291055,0.166596859,53.452,2.566,2,6,469,90,-2.41,5524,9550
Nature's Sunshine,Nature's Sunshine,"NATURE'S SUNSHINE PRODUCTS, INC.",Buying Time,Consumer Staples,United States,0.067554787,7.166,0,0,0.332918717,15.958,2.148,0,0,n.a.,n.a.,12.29,444.084,258.874
NCR,NCR,NCR VOYIX CORP,Suspension,Information Technology,United States,0,-7.232,0,0,0.038398763,482.092,1.024,2,0,n.a.,n.a.,-2.29,3692,11641
Nemetschek Group,Nemetschek Group,NEMETSCHEK SE,Withdrawal,Information Technology,Germany,0,24.853,0,0,0.149019202,40.943,0.684,2,0,n.a.,n.a.,16.19,777.5686195,1193.979316
Neste Oyj,Neste Oyj,NESTE OYJ,Suspension,Energy,Finland,0,12.918,0,0,0.127325441,34.173,1.887,2,0,n.a.,n.a.,15.8,17201.93347,14063.49802
NetApp,NetApp,"NETAPP, INC.",Suspension,Information Technology,United States,0,16.748,0,0,0.483867521,762.482,1.738,2,1,2,0,10.28,5744,9360
Netflix,Netflix,"NETFLIX, INC.",Withdrawal,Communication Services,United States,0,19.665,0,0,0.135199048,132.159,0.951,1,0,n.a.,n.a.,13.1,29697.844,44584.663
Netscout,Netscout,"NETSCOUT SYSTEMS, INC.",Withdrawal,Information Technology,United States,0,5.013,0,0,0.199129561,31.943,1.936,2,0,n.a.,n.a.,1.34,855.575,3194.709
Next,Next,NEXT PLC,Withdrawal,Consumer Discretionary,United Kingdom,0.006931116,17.784,0,0,0.108744789,197.703,1.993,1,1,1,0,20.67,6203.90727,5337.204643
Nike,Nike,NIKE INC,Withdrawal,Consumer Discretionary,United States,0.006511294,14.956,0.002278749,0.002046385,0.262029677,119.832,2.718,1,2,25,2,17.65,44538,37740
Nokia,Nokia,NOKIA OYJ,Withdrawal,Information Technology,Finland,0.013803631,8.53,0.003703744,0.033027398,0.167070339,60.715,1.619,2,5,29,7,4.81,25572.98234,45359.50971
Nokian Tyres,Nokian Tyres,NOKIAN RENKAAT OYJ,Withdrawal,Consumer Discretionary,Finland,0.676203382,15.049,0.361911791,0.325534079,0.140927208,20.023,2.64,1,0,n.a.,n.a.,10.83,1943.202348,2699.552833
Nordea Bank,Nordea,NORDEA BANK ABP,Withdrawal,Financials,Finland,0,51.05,0,0.000307808,n.a.,n.a.,n.a.,2,1,8,86,0.87,10951.11237,645981.9832
Nordson,Nordson,NORDSON CORPORATION,Withdrawal,Materials,United States,0.004656658,24.307,0.001582712,0.003082343,0.079128221,56.802,2.615,2,0,n.a.,n.a.,15.15,2362.209,3790.961
Norton,Norton,GEN DIGITAL INC.,Suspension,Information Technology,United States,0,34.183,0,0,0.146675051,n.a.,0.72,2,0,n.a.,n.a.,13.71,2551,6361
Nu Skin,Nu Skin,"NU SKIN ENTERPRISES, INC.",Suspension,Consumer Staples,United States,0.001483862,8.623,0,0,0.178125656,62.613,1.648,0,0,n.a.,n.a.,12.19,2695.669,1906.48
Nutanix,Nutanix,"NUTANIX, INC.",Suspension,Information Technology,United States,0,-72.944,0,0,0.125454886,n.a.,1.684,2,0,n.a.,n.a.,-44.66,1394.364,2277.496
Nvidia,Nvidia,NVIDIA CORPORATION,Suspension,Information Technology,United States,0,36.936,0,0,0.04503587,49.752,6.65,2,0,n.a.,n.a.,22.5,26914,44187
Okta,Okta,"OKTA, INC.",Scaling Back,Information Technology,United States,0,-65.351,0,0,0.028257943,34.74,2.447,2,0,n.a.,n.a.,-9.23,1300.201,9205.695
Olvi,Olvi,OLVI OYJ,Suspension,Consumer Staples,Finland,0,12.748,0,0,0.119820415,6.725,1.257,0,0,n.a.,n.a.,12.06,525.18563,555.2482399
Omnicom Media Group,,OMNICOM GROUP INC.,Withdrawal,Communication Services,United States,0,13.918,0,0,0.187067673,272.931,0.98,2,0,n.a.,n.a.,7,14289.4,28421.8
Oracle,Oracle,ORACLE CORP,Suspension,Information Technology,United States,0.00266805,32.113,0.000297467,0.000348485,0.229568215,n.a.,2.3,2,0,n.a.,n.a.,9.92,40479,131107
Orion,NO,ORION OYJ,Suspension,Health Care,Finland,n.a.,23.209,n.a.,n.a.,0.194524237,20.979,3.299,0,1,1,0,21.75,1182.434721,1261.716743
Otis Worldwide,Otis Worldwide,OTIS WORLDWIDE CORPORATION,Withdrawal,Industrials,United States,0.020142677,13.715,0.004560632,0.022157143,0.127453376,n.a.,1.322,2,2,56,3,15.97,14298,12279
Ottobock,Ottobock,OTTOBOCK SE & CO. KGAA,Digging In,Health Care,Germany,n.a.,n.a.,n.a.,n.a.,n.a.,n.a.,n.a.,0,2,82,34,n.a.,n.a.,n.a.
Outokumpu,Outokumpu,OUTOKUMPU OYJ,Suspension,Materials,Finland,0,8.25,0,0,0.046282012,32.564,1.283,2,1,n.a.,n.a.,9.87,8786.713185,7341.515193
Owens Corning,Owens Corning,OWENS CORNING,Withdrawal,Industrials,United States,0.013414921,15.451,0,0.02495,0.095756365,94.204,1.825,2,0,n.a.,n.a.,13.11,8498,10015
Paccar,Paccar,PACCAR INC,Scaling Back,Industrials,United States,0,10.187,0,0,0.11617654,110.737,1.375,2,0,n.a.,n.a.,8.12,23522.3,29509.4
PagerDuty,PagerDuty,"PAGERDUTY, INC.",Suspension,Information Technology,United States,0,-37.996,0,0,0.433735343,117.046,2.842,2,0,n.a.,n.a.,-13.26,281.396,806.448
Papa John's,Papa John's,"PAPA JOHN'S INTERNATIONAL, INC.",Suspension,Consumer Discretionary,United States,0,7.298,0,0,0.079721894,n.a.,0.887,1,1,n.a.,n.a.,17.04,2068.421,885.704
Par Pacific,Par Pacific,"PAR PACIFIC HOLDINGS, INC.",Suspension,Energy,United States,0,-1.704,0,0,0.043661495,361.738,0.834,2,0,n.a.,n.a.,-3.12,4710.089,2570.251
Parker Hannifin,Parker Hannifin,PARKER-HANNIFIN CORPORATION,Withdrawal,Industrials,United States,0.002927311,15.661,0,0.00067716,0.036040991,105.369,1.814,2,2,1,1,11.05,14347.64,20341.2
Payoneer,Payoneer,PAYONEER GLOBAL INC.,Suspension,Information Technology,United States,0,-5.339,0,0,0.091740254,19.268,1.103,2,0,n.a.,n.a.,-0.5,473.403,5078.752
Paypal,Paypal,"PAYPAL HOLDINGS, INC.",Suspension,Information Technology,United States,0,16.156,0.001292825,0,0.068559292,55.443,1.222,2,0,n.a.,n.a.,5.41,25371,75803
PepsiCo,Pepsi,PEPSICO INC,Scaling Back,Consumer Staples,United States,0.055867328,12.358,0.026478452,0.194197411,0.060577849,336.508,0.831,0,12,20262,3342,10.63,79474,92377
Petrofac,Petrofac,PETROFAC LIMITED,Withdrawal,Energy,United Kingdom,0,-8.312,0,0,0.162857893,267.376,1.026,2,1,n.a.,n.a.,-6.7,3068,3807
Pfizer,Pfizer,PFIZER INC,Buying Time,Health Care,United States,0.007344257,29.907,0.002115982,0.013531646,0.01071216,81.918,1.399,0,0,n.a.,n.a.,13.4,81288,181476
Phibro Animal Health Corp,Phibro Animal Health Corp,PHIBRO ANIMAL HEALTH CORPORATION,Scaling Back,Health Care,United States,0,7.976,0,0,0.059682049,187.841,3.04,0,0,n.a.,n.a.,7.9,833.35,841.325
Philip Morris,Philip Morris,PHILIP MORRIS INTERNATIONAL INC.,Buying Time,Consumer Staples,United States,0.231651011,38.949,0.060765318,0.049022989,0.108888351,n.a.,0.92,0,2,3336,3729,29.63,31405,41290
Polaris,Polaris,POLARIS INC.,Suspension,Consumer Discretionary,United States,0,8.451,0,0,0.100875629,175.341,1.147,1,0,n.a.,n.a.,12.46,7439.2,5047.8
Ponsse PLC,Ponsse PLC,PONSSE OYJ,Withdrawal,Industrials,Finland,0.201732117,9.724,0.079228953,0.061293436,0.235846296,17.662,2.128,2,0,n.a.,n.a.,14.28,852.6158485,580.5958348
Porsche,Porsche,DR. ING. H.C. F. PORSCHE AG,Suspension,Consumer Discretionary,Germany,0.019406643,16.925,0.004553635,0.09291054,0.091199253,67.97,1.418,1,3,2721,46,11.15,38337.38781,58195.269
PPG,PPG,"PPG INDUSTRIES, INC.",Scaling Back,Materials,United States,0.007439591,10.802,0.002013957,0.008478702,0.047070395,163.888,1.421,2,0,n.a.,n.a.,8.5,16802,21351
Procter & Gamble (P&G),Procter & Gamble,THE PROCTER & GAMBLE COMPANY,Buying Time,Consumer Staples,United States,0.031621955,23.142,0.009530036,0.038524752,0.086231319,93.616,0.697,0,6,2147,872,14.76,76118,119307
PTC,PTC,PTC INC.,Suspension,Information Technology,United States,0,21.678,0,0,0.072440966,82.896,1.377,2,0,n.a.,n.a.,8.69,1807.159,4507.56
Puma,Puma,PUMA SE,Suspension,Consumer Discretionary,Germany,0.028948752,7.398,0.015567502,0.080806202,0.132238186,59.416,1.612,1,1,14,51,8.82,7737.812041,6487.874341
Pure Storage,Pure Storage,"EVERPURE, INC",Withdrawal,Information Technology,United States,0,-5.892,0,0,0.148692875,189.393,2.302,2,0,n.a.,n.a.,-4.1,2180.848,3135.315
PVH,PVH,PVH CORP.,Suspension,Consumer Discretionary,United States,0.005352442,10.625,0.001774652,0.012741935,0.100227478,82.425,1.311,1,0,n.a.,n.a.,7.85,9154.7,12396.8
Qualcomm,Qualcomm,QUALCOMM INCORPORATED,Suspension,Information Technology,United States,0,30.608,0,0,0.172550921,209.879,1.68,2,0,n.a.,n.a.,24.91,33566,41240
Ralph Lauren,Ralph Lauren,RALPH LAUREN CORPORATION,Suspension,Consumer Discretionary,United States,n.a.,n.a.,n.a.,n.a.,n.a.,n.a.,n.a.,1,0,n.a.,n.a.,n.a.,n.a.,n.a.
Rational,Rational,RATIONAL AG,Withdrawal,Consumer Discretionary,Germany,0.020305999,20.298,0,0.017793594,0.323657439,5.888,3.867,1,0,n.a.,n.a.,20.27,886.4375588,887.7751598
Raytheon,RTX Corporation (Raytheon),RTX CORPORATION,Suspension,Industrials,United States,0,7.935,0,0,0.0485242,72.413,1.186,2,0,n.a.,n.a.,3.17,64388,161404
Reckitt Benckiser Group,Reckitt Benckiser Group,RECKITT BENCKISER GROUP PLC,Buying Time,Consumer Staples,United Kingdom,0.021542809,-1.965,0.006160348,0.110909091,n.a.,186.368,0.619,0,3,4658,297,-0.97,17778.55404,36199.25323
Remitly Global,Remitly Global,"REMITLY GLOBAL, INC.",Suspension,Information Technology,United States,0,-8.223,0,0,0.644534447,0.774,4.29,2,0,n.a.,n.a.,-6.03,458.605,625.664
Renishaw,Renishaw,RENISHAW PLC,Suspension,Industrials,United Kingdom,0,24.655,0,0,0.110876669,7.189,4.787,2,0,n.a.,n.a.,16.27,784.034019,1187.892103
Rockwell Automation,Rockwell Automation,"ROCKWELL AUTOMATION, INC.",Suspension,Industrials,United States,0.001000372,21.811,0.000560664,0.024285714,0.061878598,222.623,1.024,2,0,n.a.,n.a.,14.26,6997.4,10701.6
Roku,Roku,"ROKU, INC.",Withdrawal,Communication Services,United States,0,8.558,0,0,0.525714545,21.536,4.186,1,0,n.a.,n.a.,5.8,2764.584,4082.145
Rotork,Rotork,ROTORK PLC,Suspension,Industrials,United Kingdom,0,18.597,0,0,0.185187018,3.765,2.986,2,0,n.a.,n.a.,15.89,765.2193806,895.7159017
RWS,RWS Holdings,RWS HOLDINGS PLC,Withdrawal,Industrials,United Kingdom,0,7.906,0,0,0.068660926,14.383,1.508,2,1,59,2,4.08,934.6723821,1809.9621
Sabre,Sabre,SABRE CORPORATION,Scaling Back,Information Technology,United States,0,-55.563,0,0,0.184897181,n.a.,1.957,2,1,n.a.,n.a.,-17.73,1688.875,5291.33
Salesforce,Salesforce,SALESFORCE INC,Withdrawal,Industrials,United States,0,5.783,0,0,0.057389533,26.499,1.049,2,0,n.a.,n.a.,1.61,26492,95209
Salzgitter,Salzgitter,SALZGITTER AG,Scaling Back,Materials,Germany,0,7.084,0,0,0.072336151,122.723,1.645,2,1,39,2,6.88,11282.73774,11614.70289
SAP,SAP,SAP SE,Scaling Back,Information Technology,Germany,0.017319686,24.554,0.004788724,0.014774473,0.125026346,39.034,1.242,2,2,1167,103,9.62,31582.55957,80606.03128
Savills,Savills,SAVILLS PLC,Withdrawal,Real Estate,United Kingdom,0,8.52,0,0,0.306887959,86.289,1.247,0,0,n.a.,n.a.,8.15,2886.966347,3019.156896
Schaeffler,Schaeffler,SCHAEFFLER AG,Scaling Back,Industrials,Germany,0.009035038,7.98,0.002888988,0.000855618,0.12684489,205.877,1.531,2,1,n.a.,n.a.,7.82,15937.95153,16268.67082
Senior PLC,Senior Plc,SENIOR PLC,Withdrawal,Industrials,United Kingdom,0,3.598,0,0,0.061729886,54.317,1.591,2,0,n.a.,n.a.,2.86,884.8975025,1112.066423
Shell,Shell,SHELL PLC,Scaling Back,Energy,United Kingdom,0.007137811,11.392,0.001743414,0.12195122,0.025384602,79.024,1.346,2,1,2,0,7.38,261845,404379
Sherwin Williams,Sherwin-Williams,SHERWIN WILLIAMS COMPANY (THE),Suspension,Industrials,United States,0.000651806,11.274,0,0.000259631,0.008017729,523.987,0.884,2,1,n.a.,0,10.88,19944.6,20666.7
Shutterstock,Shutterstock,"SHUTTERSTOCK, INC.",Scaling Back,Communication Services,United States,0,13.542,0,0,0.368690047,10.554,1.163,1,0,n.a.,n.a.,12.3,773.415,851.71
Siemens,Siemens,SIEMENS AG,Withdrawal,Industrials,Germany,0.012934836,12.007,0.014129101,0.008910891,0.068370007,104.792,1.31,2,6,60,36,5.37,72285.4169,161652.183
Siemens Energy AG,Siemens Energy AG (Independent),SIEMENS ENERGY AG,Suspension,Industrials,Germany,0.013634067,-1.628,0.002895665,0.003478261,0.120817381,43.367,1.035,2,0,n.a.,n.a.,-1.05,33078.90354,51110.88914
Siemens Healthineers,Siemens Healthineers,SIEMENS HEALTHINEERS AG,Digging In,Health Care,Germany,0.011456294,13.343,0.001966431,0.005075758,0.031355249,96.897,1.076,0,2,92,30,5.7,20861.8946,48819.40391
Smith & Nephew PLC,Smith & Nephew PLC,SMITH & NEPHEW PLC,Buying Time,Health Care,United Kingdom,0,11.243,0,0,0.118131868,63.416,2.076,0,2,79,33,5.37,5212,10920
Snap,Snap,SNAP INC.,Buying Time,Communication Services,United States,0,-11.522,0,0,0.264560515,76.365,5.699,1,0,n.a.,n.a.,-6.29,4117.048,7536.306
Sonos,Sonos,"SONOS, INC.",Withdrawal,Consumer Discretionary,United States,0,9.141,0,0,0.562081798,16.454,2.011,1,0,n.a.,n.a.,13.78,1716.744,1138.804
SRV,SRV,SRV YHTIOT OYJ,Withdrawal,Industrials,Finland,0.006602563,-2.174,0.019296805,0.026483051,0.099091683,160.26,1.811,2,0,n.a.,n.a.,-2.96,1060.194302,777.3307734
Standard Chartered,Standard Chartered,STANDARD CHARTERED PLC,Buying Time,Financials,United Kingdom,0,22.468,0,0,n.a.,n.a.,n.a.,2,0,n.a.,n.a.,0.4,14897,827818
Stanley Black & Decker,Stanley Black & Decker,"STANLEY BLACK & DECKER, INC.",Withdrawal,Industrials,United States,0.009815919,10.385,0.003087296,0.001192146,0.005049681,67.498,0.973,2,1,7,40,5.63,15281.3,28180
Starbucks,Starbucks,STARBUCKS CORPORATION,Withdrawal,Consumer Discretionary,United States,0.002477581,18.434,0.001019349,0.005221932,0.205644005,n.a.,1.197,1,0,n.a.,n.a.,17.06,29060.6,31392.6
State Street,State Street,STATE STREET CORPORATION,Withdrawal,Financials,United States,0,26.285,0,0,n.a.,n.a.,n.a.,2,0,n.a.,n.a.,1.01,12064,314624
Stora Enso,Stora Enso,STORA ENSO OYJ,Withdrawal,Materials,Finland,0.033760103,13.598,0.011879982,0.050647235,0.077840849,53.891,1.425,2,0,n.a.,n.a.,7.46,11818.68421,21548.85345
Stryker,Stryker,STRYKER CORPORATION,Digging In,Health Care,United States,0,13.333,0,0,0.08501054,102.252,2.202,0,1,59,18,6.59,17108,34631
Sylvamo,Sylvamo,SYLVAMO CORPORATION,Withdrawal,Materials,United States,0.242220651,11.598,0.113977667,0.278933333,0.039276088,912.637,1.462,2,0,n.a.,n.a.,12.63,2828,2597
Symrise,Symrise,SYMRISE AG,Digging In,Consumer Discretionary,Germany,0.017869969,13.197,0.005907363,0.005649718,0.068316408,79.934,2.036,1,3,175,62,7.77,4430.151379,7523.567101
Synopsys,Synopsys,"SYNOPSYS, INC.",Suspension,Information Technology,United States,0.005946444,19.16,0.002056612,0.005867612,0.163710859,21.126,1.164,2,0,n.a.,n.a.,9.2,4204.193,8752.26
Take-Two Interactive,Take-Two Interactive,TAKE-TWO INTERACTIVE SOFTWARE INC.,Suspension,Communication Services,United States,0,13.279,0,0,0.26458739,16.579,1.839,1,0,n.a.,n.a.,7.11,3504.8,6546.219
TeamViewer,TeamViewer AG,TEAMVIEWER SE,Withdrawal,Information Technology,Germany,0,16.871,0,0,0.355947293,286.141,1.711,2,0,n.a.,n.a.,5.52,573.2497892,1751.758918
Tennant,Tennant,TENNANT COMPANY,Scaling Back,Industrials,United States,0,6.793,0,0,0.116417067,78.792,1.815,2,0,n.a.,n.a.,6.98,1090.8,1061.7
Teradata,Teradata,TERADATA CORPORATION,Withdrawal,Information Technology,United States,0.025560772,10.016,0,0.020277778,0.272936837,182.826,1.071,2,1,1,0,8.85,1917,2169
Terex Corporation,Terex Corporation,TEREX CORPORATION,Withdrawal,Industrials,United States,0,6.787,0,0,0.093207613,76.568,1.943,2,0,n.a.,n.a.,9.21,3886.8,2863.5
Thermo Fisher,Thermo Fisher,THERMO FISHER SCIENTIFIC INC.,Suspension,Health Care,United States,0.000969116,22.547,0.000294356,0.002784615,0.047065379,100.284,1.497,0,3,219,72,9.29,39211,95123
ThyssenKrupp,ThyssenKrupp,THYSSENKRUPP AG,Scaling Back,Materials,Germany,0.003314033,0.273,0.00225228,0.004818563,0.243785825,117.815,1.964,2,2,0,0,0.26,39830.62177,42623.47795
Tietoevry,Tietoevry,TIETO OYJ,Withdrawal,Information Technology,Finland,0.004671061,12.478,0,0.003198163,0.090265388,52.765,1.099,2,0,n.a.,n.a.,9.86,3211.261652,4062.863823
Timken,Timken,THE TIMKEN COMPANY,Suspension,Industrials,United States,0.004355295,11.532,0,0.004215431,0.049722475,86.731,2.469,2,1,n.a.,n.a.,9.22,4132.9,5170.7
Titan International,Titan International Inc,"TITAN INTERNATIONAL, INC.",Digging In,Industrials,United States,0.0601051,2.867,0.065951627,0.138133333,0.082953618,234.39,1.804,2,1,978,78,4.32,1780.215,1182.685
TJ Maxx,TJ Maxx,"THE TJX COMPANIES, INC.",Withdrawal,Consumer Discretionary,United States,0,9.058,0,0,0.218778848,199.739,1.267,1,0,n.a.,n.a.,15.45,48549.982,28461.458
Trimble,Trimble,TRIMBLE INC.,Withdrawal,Information Technology,United States,0.007378864,15.703,0,0,0.045875824,49.847,1.22,2,3,41,1,8.09,3659.1,7099.6
TripAdvisor,Tripadvisor,"TRIPADVISOR, INC.",Withdrawal,Communication Services,United States,0,-20.51,0,0,0.315858453,145.627,2.633,1,0,n.a.,n.a.,-8.08,902,2289
TUI,NO,TUI AG,Withdrawal,Consumer Discretionary,Germany,n.a.,-50.935,n.a.,n.a.,0.111891323,n.a.,0.427,1,1,38,2,-17.93,5768.892229,16390.89312
Twin Disc,Twin Disc,"TWIN DISC, INCORPORATED",Suspension,Industrials,United States,0,-4.501,0,0,0.044805438,53.133,2.444,2,0,n.a.,n.a.,-3.57,218.581,275.413
Uber,Uber,"UBER TECHNOLOGIES, INC.",Withdrawal,Information Technology,United States,0,-5.872,0,0,0.110770104,107.09,0.977,2,0,n.a.,n.a.,-2.64,17455,38774
UiPath,UiPath,"UIPATH, INC.",Suspension,Information Technology,United States,0,-57.258,0,0,0.687563607,6.402,4.317,2,0,n.a.,n.a.,-19.86,892.252,2572.45
Under Armour,Under Armour,"UNDER ARMOUR, INC.",Suspension,Consumer Discretionary,United States,0.000174605,4.42,0,n.a.,0.226628582,82.436,2.181,1,0,n.a.,n.a.,5.69,5727.216,4452.832
Unilever,Unilever,UNILEVER PLC,Withdrawal,Consumer Staples,United Kingdom,0.020101656,16.315,0.008218442,0.019406393,0.046674213,157.277,0.636,0,0,n.a.,n.a.,11.39,59398.09052,85052.62009
Uniper SE,Uniper SE,UNIPER SE,Scaling Back,Utilities,Germany,0.007000532,-2.798,0.011793225,0.400034801,0.022734176,492.266,0.956,0,1,n.a.,3005,-3.59,186700.0999,145422.4817
United Internet Group,United Internet Group,UNITED INTERNET AG,Withdrawal,Information Technology,Germany,0,13.598,0,0,0.011388462,70.382,0.993,2,0,n.a.,n.a.,8,6441.193087,10951.20751
Universal,Universal,UNIVERSAL CORPORATION,Withdrawal,Communication Services,United States,0,6.763,0,0,0.031568874,54.238,3.37,1,1,3,0,5.5,2103.601,2586.345
UPM,UPM,UPM-KYMMENE OYJ,Suspension,Materials,Finland,0.03283565,15.559,0.008891179,0.06218319,0.082597873,37.016,2.13,2,0,n.a.,n.a.,8.76,11268.24046,20019.84303
UPS,UPS,UNITED PARCEL SERVICE INC,Suspension,Industrials,United States,0.000688684,17.058,0.000547511,0.000921348,0.147755925,278.636,1.419,2,0,n.a.,n.a.,23.91,97287,69405
Upwork,Upwork,UPWORK INC.,Suspension,Industrials,United States,0,-11.161,0,0,0.173167842,226.54,3.979,2,0,n.a.,n.a.,-5.19,502.797,1081.061
Valero Energy,Valero Energy,VALERO ENERGY CORPORATION,Suspension,Energy,United States,0,1.354,0,0,0.071206468,129.523,1.256,2,0,n.a.,n.a.,2.67,113977,57888
Valmet,Valmet,VALMET OYJ,Withdrawal,Industrials,Finland,0,9.96,0,0,0.116968326,55.631,0.92,2,0,n.a.,n.a.,8.94,4491.892819,5006.093359
Vesuvius,Vesuvius Plc,VESUVIUS PLC,Suspension,Industrials,United Kingdom,0,7.767,0,0,0.079408312,56.647,1.762,2,0,n.a.,n.a.,5.99,2207.071667,2860.770049
VF Corporation,VF Corporation,V.F. CORPORATION,Suspension,Consumer Discretionary,United States,0.004221314,4.941,0.003562592,0.001275,0.059309894,277.747,2.165,1,1,24,38,3.32,9238.83,13754.029
Viatris,Viatris,VIATRIS INC.,Buying Time,Health Care,United States,0,-3.715,0,0,0.012785635,128.465,1.103,0,2,90,95,-1.21,17886.3,54842.8
Victoria’s Secret,Victoria’s Secret,VICTORIA'S SECRET & CO.,Suspension,Consumer Discretionary,United States,0,12.424,0,n.a.,0.112799263,931.128,0.996,1,0,n.a.,n.a.,19.41,6785,4344
Villeroy & Boch,Villeroy & Boch,VILLEROY & BOCH AG,Suspension,Consumer Discretionary,Germany,0,6.542,0,0,0.253095599,105.823,1.933,1,1,2,4,4.56,694.5184367,996.2760041
Visa,Visa,VISA INC,Suspension,Information Technology,United States,0.012445551,66.638,0.000940938,0.009534884,n.a.,n.a.,n.a.,2,1,n.a.,n.a.,19.38,24105,82896
Visteon,Visteon,VISTEON CORPORATION,Withdrawal,Consumer Discretionary,United States,0.006130545,2.921,0.004476276,0.0098,0.202327663,167.829,1.671,1,0,n.a.,n.a.,3.63,2773,2234
Vitec Group,Vitec Group,VIDENDUM PLC,Suspension,Consumer Discretionary,United Kingdom,0,7.507,0,0,0.024943311,96.032,1.411,1,0,n.a.,n.a.,6.71,529.7025736,592.4393481
Vodafone,Vodafone,VODAFONE GROUP PLC,Withdrawal,Information Technology,United Kingdom,0,8.992,0,0,0.048659842,123.852,0.82,2,2,12,0,2.66,50653.84809,171009.7446
Volkswagen,Volkswagen,VOLKSWAGEN AKTIENGESELLSCHAFT,Suspension,Consumer Discretionary,Germany,0.06603535,n.a.,n.a.,0.093630189,n.a.,n.a.,n.a.,1,3,2687,40,n.a.,80320.616,n.a.
Wartsila,Wartsila,WARTSILA OYJ,Withdrawal,Industrials,Finland,0.009113584,6.111,0.003519243,0.006298758,0.039245746,53.164,1.307,2,0,n.a.,n.a.,4.54,5486.315889,7387.951806
Waters Corporation,Waters Corporation,WATERS CORPORATION,Suspension,Health Care,United States,0,28.939,0,0,0.160655226,556.89,2.394,0,0,n.a.,n.a.,26.05,2785.874,3094.932
Weir Group,Weir Minerals RFZ,THE WEIR GROUP PLC,Withdrawal,Industrials,United Kingdom,0.021826015,15.929,0.009792233,0.018342505,0.161404713,71.763,1.53,2,1,2,4,9.01,2657.379307,4697.600708
Western Union,Western Union,THE WESTERN UNION COMPANY,Suspension,Information Technology,United States,0,18.447,0.010766703,0,0.136941123,n.a.,0.717,2,1,n.a.,n.a.,10.6,5070.8,8823.5
Westinghouse Air Brake Technologies Corp,Westinghouse Air Brake Technologies Corp,WESTINGHOUSE AIR BRAKE TECHNOLOGIES CORPORATION,Suspension,Industrials,United States,0,9.422,0,0,0.025631299,52.397,1.317,2,3,0,0,3.99,7822,18454
Wex Inc.,Wex Inc.,WEX INC.,Withdrawal,Information Technology,United States,0,11.021,0,0,0.057139112,263.06,0.973,2,0,n.a.,n.a.,1.98,1850.542,10306.828
Whirlpool,Whirlpool,WHIRLPOOL CORPORATION,Scaling Back,Consumer Discretionary,United States,0.025790312,10.607,0.026768548,0.08126087,0.150061622,149.133,1.139,1,0,n.a.,n.a.,11.5,21985,20285
Wise PLC,Wise PLC,WISE PLC,Suspension,Information Technology,United Kingdom,0,7.76,0,0,0.800631907,26.54,1.049,2,0,n.a.,n.a.,0.58,742.5093037,9928.650127
WPP PLC,WPP PLC,WPP PLC (NEW),Withdrawal,Communication Services,United Kingdom,0,7.427,0,0.012799181,0.139317852,188.221,0.93,1,0,n.a.,n.a.,3.41,17196.99623,37441.62944
Wrangler (Kontoor),Wrangler,"KONTOOR BRANDS, INC.",Suspension,Consumer Discretionary,United States,0,9.879,0,0,0.120886561,627.168,1.998,1,0,n.a.,n.a.,15.96,2475.916,1533.024
Xerox,Xerox,XEROX HOLDINGS CORPORATION,Suspension,Information Technology,United States,0.028275078,-6.749,0.002722529,0.029356223,0.139151478,137.548,1.662,2,0,n.a.,n.a.,-3.59,7038,13223
YIT,YIT,YIT OYJ,Withdrawal,Industrials,Finland,0.028948328,1.046,0.098200967,0.100837866,0.12992652,80.924,1.741,2,1,n.a.,n.a.,1,3247.165082,3391.005321
Yum Brands,Yum Brands,"YUM! BRANDS, INC.",Scaling Back,Consumer Discretionary,United States,0.038578372,25.425,0.022125377,0.388888889,0.081461616,n.a.,1.083,1,1,28,4,28.06,6584,5966
Zimmer Biomet,Zimmer Biomet,"ZIMMER BIOMET HOLDINGS, INC.",Digging In,Health Care,United States,0.005712361,7.309,0.002003718,0.002615385,0.02039955,70.556,1.409,0,1,53,44,2.13,6827.3,23456.4
Zoetis,Zoetis,ZOETIS INC.,Scaling Back,Health Care,United States,0.011445473,31.996,0.004460432,0.006033058,0.250503597,166.41,3.856,0,1,n.a.,n.a.,17.9,7776,13900
Alumil,Alumil,ALUMIL ALUMINIUM INDUSTRY S.A.,Digging In,Materials,Greece,0,8.77,0,0,0.054556462,242.425,2.039,2,0,n.a.,n.a.,8.26,362.7469613,385.3706524
Buzzi Unicem,Buzzi Unicem,BUZZI UNICEM S.P.A.,Digging In,Materials,Italy,0.063172949,18.108,0.096050653,0.192819149,0.173887422,46.22,3.326,2,8,1204,358,9.18,3973.219641,7839.613554
Coface,Coface,COFACE SA,Digging In,Financials,France,0,36.399,0,0,n.a.,n.a.,n.a.,2,1,n.a.,39,3.63,906.6907175,9104.980667
Frigoglass,Frigoglass,FRIGOGLASS S.A.I.C.,Digging In,Industrials,Greece,0.32678291,3.382,0.299066137,0.233691164,0.195833467,n.a.,1.468,2,2,757,80,3.23,437.599383,458.092653
Krka,KRKA,KRKA DD NOVO MESTO,Digging In,Health Care,Slovenia,0.398319922,22.996,0.195186068,0.161845192,0.062985802,8.477,3.207,0,3,1101,580,14.28,1784.997339,2874.180546
Luka Koper,Luka Koper,LUKA KOPER D.D.,Digging In,Industrials,Slovenia,0,16.127,0,0,0.064088957,26.172,1.618,2,0,n.a.,n.a.,5.89,262.1924408,718.1852528
Plastika Kritis,Plastika Kritis,PLASTIKA KRITIS INDUSTRIAL & COMMERCIAL COMPANY,Digging In,Materials,Greece,0,17.947,0,0,0.133627002,5.19,5.303,2,3,101,21,16.09,427.1624712,476.4351149
Raba,Raba,RABA AUTOMOTIVE HOLDING PLC.,Digging In,Industrials,Hungary,0,3.784,0,0,0.027604044,65.198,1.535,2,0,n.a.,n.a.,3.95,144.6881686,138.6398709
Société Bic,Société Bic,SOCIETE BIC,Digging In,Consumer Discretionary,France,0.020159277,24.343,0,0.005952381,0.187878229,12.213,2.517,1,2,77,32,17.94,2083.408072,2826.789151
Vinci SA,Vinci SA,VINCI,Digging In,Industrials,France,0.001780864,7.599,0.008830758,0.000159599,0.111738216,158.851,0.841,2,0,n.a.,n.a.,3.79,56932.41966,114184.2326
Worldline,Worldline,WORLDLINE,Digging In,Financials,France,0,-9.839,0,0,0.056189417,63.004,1.02,2,0,n.a.,n.a.,-2.4,5547.476306,22702.63338
Aalberts,Aalberts,AALBERTS N.V.,Buying Time,Industrials,Netherlands,0,15.609,0,0,0.019697426,33.246,1.264,2,2,0,3,13.49,3576.411991,4139.993904
Accor,Accor,ACCOR,Buying Time,Consumer Discretionary,France,0,-2.494,0,0.015086207,0.154703315,83.489,1.169,1,6,243,2,-0.51,2497.383678,12196.97271
Airbus,Airbus,AIRBUS SE,Buying Time,Industrials,Netherlands,0.000133921,9.531,0,0,0.136127122,525.785,1.165,2,1,200,8,4.7,59736.73802,121241.4651
Andritz,Andritz,ANDRITZ AG,Buying Time,Industrials,Austria,0.004170447,6.698,0.002071295,0.002126548,0.141669273,127.774,1.218,2,3,284,10,5.73,7433.255818,8690.215639
Boiron,Boiron,BOIRON,Buying Time,Health Care,France,0.042474909,10.083,0,0.059227158,0.304274037,15.421,2.859,0,2,97,17,5.98,517.9528444,872.895057
Corticeira Amorim,Corticeira Amorim,CORTICEIRA AMORIM SGPS S.A.,Buying Time,Materials,Portugal,0,11.94,0,0,0.101364205,35.618,2.339,2,0,n.a.,n.a.,9.38,962.4112549,1224.668254
Deceuninck,Deceuninck,DECEUNINCK NV,Buying Time,Industrials,Belgium,0.035858693,4.605,0.024849399,0.053114047,0.107963543,20.819,1.067,2,1,148,11,5.88,976.0534256,764.606009
Delonghi,Delonghi,DELONGHI SPA,Buying Time,Consumer Discretionary,Italy,0.053716726,12.424,0,0,0.261029469,69.541,1.69,1,1,50,71,10.18,3648.770427,4452.139681
Engie,Engie,ENGIE,Buying Time,Utilities,France,0.017492482,7.526,0,0,0.061642103,223.038,1.136,0,0,n.a.,n.a.,2.44,82892.7513,255212.2251
Gedeon Richter,Gedeon Richter,GEDEON RICHTER PLC,Buying Time,Health Care,Hungary,0.132743627,23.244,0.06626353,0.094611828,0.052263111,10.731,3.349,0,3,1230,237,12.8,1936.062813,3516.263038
Geox,Geox,GEOX SPA,Buying Time,Consumer Discretionary,Italy,0.089576616,-8.652,0.028273748,0.050695825,0.063565369,247.142,1.22,1,1,33,30,-7.48,703.3085477,813.475447
Intesa Sanpaolo,Intesa Sanpaolo,INTESA SANPAOLO S.P.A.,Buying Time,Financials,Italy,0.026535643,23.24,0.000994422,0.034575938,n.a.,n.a.,n.a.,2,3,0,1564,0.49,25249.05865,1210753.126
Ipsen,Ipsen,IPSEN,Buying Time,Health Care,France,0.041559622,26.81,0.015392123,0.048224234,0.163250175,40.848,1.591,0,1,216,58,16.32,3440.839734,5652.241834
JDE Peet's,JDE Peet's,JDE PEET'S N.V.,Buying Time,Consumer Staples,Netherlands,0,14.027,0,0,0.030615548,58.812,0.58,0,1,n.a.,n.a.,4.54,7929.334753,24490.21645
Loulis Mills,Loulis Mills,LOULIS FOOD INGREDIENTS S.A.,Buying Time,Consumer Staples,Greece,0,0.584,0,0,0.049099695,72.295,2.113,0,0,n.a.,n.a.,0.41,156.5015779,222.6692204
Melamin,Melamin,MELAMIN D.D.,Buying Time,Materials,Slovenia,0,7.43,0,0,0.119654095,61.295,1.547,2,0,n.a.,n.a.,7.31,78.1097802,79.36923175
Novo Nordisk,Novo Nordisk,NOVO NORDISK A/S,Buying Time,Health Care,Denmark,0.009482577,41.856,0.006678993,0.013286743,0.055113414,52.452,0.86,0,2,466,140,30.37,21513.13836,29645.18757
OMV,OMV,OMV AKTIENGESELLSCHAFT,Buying Time,Energy,Austria,0,13.57,0,0,0.093869661,79.865,1.376,2,0,n.a.,n.a.,9.05,40647.89243,60931.63134
Palfinger,Palfinger,PALFINGER AG,Buying Time,Industrials,Austria,0.021807839,7.711,0,0.004431944,0.023533679,101.304,1.362,2,0,n.a.,n.a.,8.48,2109.333293,1917.082319
Rockwool,Rockwool,ROCKWOOL A/S,Buying Time,Industrials,Denmark,0.11283075,12.702,0.123822766,0.06834893,0.053896104,7.226,1.818,2,4,1059,488,12.76,3504.265351,3488.408947
Saipem,Saipem,SAIPEM SPA,Buying Time,Industrials,Italy,0,-34.85,0,0,0.141396638,n.a.,0.996,2,4,0,0,-20.77,7790.024915,13072.47275
Sanofi,Sanofi,SANOFI,Buying Time,Health Care,France,0.016849014,19.684,0.003673486,0.016219275,0.083980639,47.948,1.435,0,5,1196,475,6.49,44869.09378,136186.1262
Signify,Signify,SIGNIFY N.V.,Buying Time,Consumer Discretionary,Netherlands,0.011444835,7.137,0.005133279,0.003150119,0.10307655,112.129,1.317,1,0,n.a.,n.a.,5.94,7776.433711,9350.748138
AkzoNobel,AkzoNobel,AKZO NOBEL NV,Scaling Back,Materials,Netherlands,0.020943609,11.446,0.008525135,0.028719512,0.082000288,85.912,1.098,2,4,479,159,7.96,10934.12337,15718.22707
Amadeus IT Group,Amadeus IT Group,"AMADEUS IT GROUP, S.A.",Scaling Back,Information Technology,Spain,0,-7.393,0,0,0.100850482,147.578,1.319,2,1,16,4,-1.77,3024.042821,12664.62338
ArcelorMittal,ArcelorMittal,ARCELORMITTAL SA,Scaling Back,Materials,Luxembourg,0.000416726,23.473,0.000209917,0.00021519,0.046568411,31.521,1.446,2,0,n.a.,n.a.,19.91,76789,90512
Atlas Copco,Atlas Copco,ATLAS COPCO AB,Scaling Back,Industrials,Sweden,0.013323581,21.043,0.005356087,0.015164948,0.138934615,46.14,1.667,2,1,n.a.,n.a.,17.13,12309.00302,15122.97941
Bekaert,Bekaert,NV BEKAERT SA,Scaling Back,Industrials,Belgium,0.014792006,9.68,0,0.017652814,0.139952406,63.084,1.755,2,2,345,66,9.79,5543.534857,5480.979077
Bonduelle,Bonduelle,BONDUELLE,Scaling Back,Consumer Staples,France,0.093647193,1.653,0.078944082,0.129609346,0.002207408,106.619,1.211,0,1,1103,153,1.63,2605.523904,2634.776353
Bureau Veritas,Bureau Veritas,BUREAU VERITAS,Scaling Back,Industrials,France,0.009144287,12.614,0.002745776,0.01416491,0.210389918,191.067,1.738,2,6,874,31,9.56,5795.968813,7648.110096
Coloplast,Coloplast,COLOPLAST A/S,Scaling Back,Health Care,Denmark,0.012844658,31.966,0.007297266,0.005106851,0.028281043,43.083,1.108,0,1,31,16,39.35,3036.281625,2466.677123
Pirelli,Pirelli,PIRELLI & C. SPA,Scaling Back,Consumer Discretionary,Italy,0.066619129,7.754,0.022322442,0.138095083,0.135750595,131.165,1.182,1,3,83,220,3.15,6379.54905,15724.08601
Saint-Gobain,Saint-Gobain,COMPAGNIE DE SAINT-GOBAIN,Scaling Back,Industrials,France,0.0054383,8,0.003286318,0.003408495,0.134595999,81.341,1.355,2,1,286,192,6.85,50015.62958,58424.05426
Triglav Group,Triglav Group,ZAVAROVALNICA TRIGLAV DD,Scaling Back,Financials,Slovenia,0,11.845,0,0,n.a.,n.a.,n.a.,2,0,n.a.,n.a.,3.03,1268.337924,4954.394685
Wolters Kluwer,Wolters Kluwer,WOLTERS KLUWER NV,Scaling Back,Financials,Netherlands,0.000370121,19.472,0,0,0.110877271,147.456,0.896,2,0,n.a.,n.a.,10.29,5403.636067,10225.11558
Alstom,Alstom,ALSTOM S.A,Suspension,Industrials,France,0.000174679,-1.17,0,0.000229435,0.026544322,62.001,0.806,2,2,14,25,-0.59,17174.35205,33874.69153
Bang & Olufsen,Bang & Olufsen,BANG & OLUFSEN A/S,Suspension,Information Technology,Denmark,0,-1.255,0,0,0.078207381,24.537,1.796,2,0,n.a.,n.a.,-1.45,431.3371578,373.4208335
BNP Paribas,BNP Paribas,BNP PARIBAS,Suspension,Financials,France,0.001995038,28.796,0.000483281,0.000706137,n.a.,n.a.,n.a.,2,2,0,516,0.48,50124.35921,2983772.084
Boryszew,Boryszew,BORYSZEW S.A.,Suspension,Materials,Poland,0.036251564,-11.258,0,0.080227192,n.a.,9.908,1.102,2,1,101,10,-9.03,496.5303002,619.0793161
Capgemini,Capgemini,CAPGEMINI,Suspension,Information Technology,France,0,9.233,0,0,0.14621562,107.607,1.381,2,0,n.a.,n.a.,6.99,20608.79519,27219.78319
Cie Automotives,Cie Automotives,CIE AUTOMOTIVE S.A.,Suspension,Consumer Discretionary,Spain,0.002541363,10.998,0.003107669,0.003022382,0.122040379,171.578,0.889,1,0,n.a.,n.a.,7.08,3934.896977,6113.906709
Credit Agricole,Credit Agricole,CREDIT AGRICOLE SA,Suspension,Financials,France,0,35.083,0.000322696,0.00224538,n.a.,n.a.,n.a.,2,1,n.a.,184,0.39,26084.91768,2348962.071
Criteo,Criteo,CRITEO,Suspension,Consumer Discretionary,France,0,6.772,0,0,0.259895815,9.46,1.88,1,1,n.a.,n.a.,7.75,2271.24,1983.591
Danone,Danone,DANONE,Suspension,Consumer Staples,France,0.098332643,8.209,0,0.081545283,0.014509027,119.706,1.088,0,6,1500,123,4.4,27539.17648,51442.70597
Danske Bank,Danske Bank,DANSKE BANK A/S,Suspension,Financials,Denmark,0,34.862,0,0,n.a.,n.a.,n.a.,2,1,n.a.,n.a.,0.42,7244.559096,599864.9781
Dassault Aviation,Dassault Aviation,DASSAULT AVIATION,Suspension,Industrials,France,0,10.186,0,0,0.248062715,3.819,1.144,2,0,n.a.,n.a.,4.61,8319.362657,18366.09142
Dassault Systèmes,Dassault Systèmes,DASSAULT SYSTEMES,Suspension,Information Technology,France,0.003270022,20.662,0.00093144,0.004195941,0.20954799,87.596,1.36,2,0,n.a.,n.a.,7.06,5504.550754,16104.10399
Demant,Demant,DEMANT A/S,Suspension,Health Care,Denmark,0,17.542,0,0,0.047144006,154.467,0.719,0,1,1,0,13.05,2817.624892,3788.941138
DSV A/S,DSV A/S,DSV A/S,Suspension,Industrials,Denmark,0.004534745,8.175,0.000609796,0.006208471,0.051420428,51.396,1.101,2,1,39,3,9.23,27785.46674,24598.39722
eDreams ODIGEO,eDreams Odigeo,EDREAMS ODIGEO S.A.,Suspension,Consumer Discretionary,Spain,0,-17.144,0,0,0.042719445,163.5,0.285,1,0,n.a.,n.a.,-6.52,454.1661985,1193.502572
Epiroc,Epiroc,EPIROC AB,Suspension,Consumer Staples,Sweden,0.054165143,22.477,0.021393934,0.031167493,0.222135315,40.962,2.645,0,1,n.a.,n.a.,18.45,4412.431823,5375.355447
Etex,Etex,ETEX N.V.,Suspension,Communication Services,Belgium,0,9.692,0,0,0.062777811,71.097,1.025,1,0,n.a.,n.a.,8.93,3366.019025,3653.385773
Exor,Exor,EXOR N.V.,Suspension,Financials,Netherlands,0,13.459,0,0,0.076961069,134.666,0.834,2,0,n.a.,n.a.,5.8,44500.99868,103192.3466
Famur,Famur,FAMUR S.A.,Suspension,Industrials,Poland,0.053171188,5.613,0,0.026793075,0.413975155,38.65,3.989,2,0,n.a.,n.a.,1.86,263.300495,793.1034556
Ferragamo,Ferragamo,SALVATORE FERRAGAMO SPA,Suspension,Consumer Discretionary,Italy,0.007394797,9.848,0,0,0.276787873,85.877,2.08,1,0,n.a.,n.a.,6.36,1352.302115,2094.240262
Fluidra,Fluidra,FLUIDRA S.A.,Suspension,Industrials,Spain,0.004792203,15.212,0.001297883,0.006281228,0.025049838,85.478,1.071,2,2,0,0,9.63,2512.762125,3970.140101
Grupa Azoty,Grupa Azoty,GRUPA AZOTY S.A.,Suspension,Materials,Poland,0,4.596,0,0,0.099903678,75.789,0.997,2,0,n.a.,n.a.,3.1,3932.934026,5823.819019
Hexagon,Hexagon,HEXAGON AB,Suspension,Information Technology,Sweden,0,22.567,0,0,0.030457609,40.596,0.965,2,0,n.a.,n.a.,6.98,4936.43844,15964.00133
Husqvarna,Husqvarna,HUSQVARNA AB,Suspension,Consumer Discretionary,Sweden,0.01804012,11.666,0.006567355,0.007370111,0.043362137,67.726,1.173,1,0,n.a.,n.a.,10.79,5210.608432,5633.927493
KBC Group,KBC Group,KBC GROEP NV/ KBC GROUPE SA,Suspension,Financials,Belgium,0,45.027,0,0,n.a.,n.a.,n.a.,2,0,n.a.,n.a.,1,8597.568934,385475.9842
Kering,Kering,KERING,Suspension,Consumer Discretionary,France,0,25.633,0,0.004204527,0.168944495,75.317,1.308,1,1,n.a.,n.a.,14.56,19990.39543,35187.17331
Kerry Group,Kerry group,KERRY GROUP PLC,Suspension,Consumer Staples,Ireland,0.009369041,11.105,0.002634345,0.006429847,0.091185917,67.921,1.733,0,1,n.a.,n.a.,7.16,8325.29182,12906.43354
L'Oreal,L'Oreal,L'OREAL,Suspension,Consumer Discretionary,France,0.024494153,18.723,0.007512779,0.025757505,0.063091967,21.859,0.728,1,2,1806,417,14.06,36580.15843,48716.99007
Leonardo,Leonardo,LEONARDO S.P.A.,Suspension,Industrials,Italy,0,5.122,0,0,0.087353325,111.201,0.998,2,4,101,27,2.65,16651.48972,32142.06413
Moncler,Moncler,MONCLER S.P.A.,Suspension,Consumer Discretionary,Italy,0.001294545,27.252,0,0.002457467,0.218538052,41.53,1.636,1,0,n.a.,n.a.,13.07,2317.415754,4833.925654
NXP Semiconductors,NXP Semiconductors,NXP SEMICONDUCTORS N.V,Suspension,Information Technology,Netherlands,0.000542152,23.584,8.3696E-05,0.003249887,0.118429863,129.419,2.138,2,0,n.a.,n.a.,10.92,11067,23896
Pernod Ricard,Pernod Ricard,PERNOD RICARD,Suspension,Consumer Staples,France,0.035855078,22.186,0.004004872,0.104829018,0.064640557,86.547,2.447,0,1,18,62,6.19,10653.99986,38203.47278
Podravka,Podravka,PODRAVKA D.D.,Suspension,Consumer Staples,Croatia,0.014298805,7.733,0,0.004117737,0.006784748,16.366,2.329,0,1,2,0,7.32,699.3591312,738.9051686
Prada,Prada,PRADA S.P.A.,Suspension,Consumer Discretionary,Italy,0.025183925,12.528,0.01750874,0.013124403,0.141081254,85.013,1.528,1,1,32,45,6.06,3811.955479,7881.777998
Prosus,Prosus,PROSUS NV,Suspension,Industrials,Netherlands,0,n.s.,0,0,0.135215453,32.993,3.459,2,0,n.a.,n.a.,26.2,6900,71338
Safran,Safran,SAFRAN,Suspension,Industrials,France,0.000271235,1.647,0.000444467,0.002123364,0.125779078,76.42,1.038,2,0,n.a.,n.a.,0.64,18434.2026,47247.55443
Samsonite International,Samsonite International,SAMSONITE INTERNATIONAL S.A.,Suspension,Consumer Discretionary,Luxembourg,0.020276142,-1.579,0.003708053,0.024835165,0.272912675,456.551,2.114,1,0,n.a.,n.a.,-0.67,2071.4,4854.3
Sandvik,Sandvik,SANDVIK AB,Suspension,Industrials,Sweden,0.023086745,18.409,0.009821684,0.043048758,0.087353794,57.063,1.664,2,1,n.a.,n.a.,11.86,11088.61377,17206.82447
Scandinavian Tobacco,Scandinavian Tobacco,SCANDINAVIAN TOBACCO GROUP A/S,Suspension,Consumer Staples,Denmark,0,21.401,0,0,0.011903701,46.277,2.949,0,0,n.a.,n.a.,12.13,1259.480003,2222.718458
Solvay,Solvay,SOLVAY SA,Suspension,Materials,Belgium,0.006140478,9.554,0.00026423,0.001249653,0.046935009,71.642,1.235,2,0,n.a.,n.a.,5.48,13028.30134,22707.50356
SSAB,SSAB,SSAB AB,Suspension,Materials,Sweden,0.010044419,19.128,0.003227345,0.011520899,0.063962364,19.069,2.064,2,1,3,13,16.44,10652.68144,12394.08727
Stellantis,Stellantis,STELLANTIS N.V.,Suspension,Consumer Discretionary,Netherlands,0.006494043,10.125,0.002184616,0.009232853,0.288933782,105.399,1.153,1,3,796,193,8.81,169232.0053,194542.2244
Storytel,Storytel,STORYTEL AB,Suspension,Communication Services,Sweden,0.034266262,-13.358,0.018023811,0.33253012,0.301085511,13.433,2.068,1,1,n.a.,n.a.,-11.71,291.8322439,332.8929758
Sweco,Sweco,SWECO AB,Suspension,Industrials,Sweden,0,8.701,0,0,0.045581727,53.08,1.212,2,0,n.a.,n.a.,9.65,2412.343306,2174.904021
Systemair,Systemair,SYSTEMAIR AB,Suspension,Industrials,Sweden,0.045018032,6.561,0.036284236,0.043260188,0.045877363,58.251,1.579,2,3,155,15,8.11,1021.812775,826.8053466
Talgo,Talgo,TALGO S.A.,Suspension,Industrials,Spain,0.012692277,6.413,0,0,0.245254447,129.091,1.916,2,0,n.a.,n.a.,3.46,630.3045297,1168.268156
The Navigator Company,The Navigator Company,THE NAVIGATOR COMPANY S.A.,Suspension,Materials,Portugal,0,13.016,0,0,0.094634178,90.261,1.334,2,0,n.a.,n.a.,8.38,1843.024983,2862.433216
TomTom,TomTom,TOMTOM N.V.,Suspension,Information Technology,Netherlands,0,-17.135,0,0,0.231066304,112.142,1.819,2,2,5,2,-9.75,574.1445435,1008.852398
Universal Music Group,Universal Music Group,UNIVERSAL MUSIC GROUP N.V.,Suspension,Consumer Discretionary,Netherlands,0.003530035,13.699,0,0,0.048371093,245.813,0.618,1,0,n.a.,n.a.,9.63,9631.633015,13697.66812
Volvo Cars,Volvo Cars,VOLVO CAR AB,Suspension,Industrials,Sweden,0.05786325,6.592,0.052916127,0.08097561,0.219739693,72.651,1.126,2,0,n.a.,n.a.,6.62,31488.03403,31351.50091
Wielton,Wielton,WIELTON SA,Suspension,Industrials,Poland,0.076558427,2.188,0.021857182,0.011219793,0.066546506,110.842,1.21,2,1,6,2,3.19,666.1578879,457.5155215
AAK,AAK,AAK AB,Withdrawal,Consumer Staples,Sweden,0.019781464,5.576,0.005988581,0.003737852,0.034160347,46.699,1.484,0,1,1,5,7.31,3943.085389,3005.720233
Aarsleff,Aarsleff,PER AARSLEFF HOLDING AS,Withdrawal,Industrials,Denmark,0.003485718,4.179,0,0.00652912,0.049899081,26.31,1.238,2,1,n.a.,n.a.,6.91,2295.079485,1388.66401
Accenture,Accenture,ACCENTURE PLC,Withdrawal,Information Technology,Ireland,0.003027701,15.358,0.002640365,0.003685897,0.189183892,36.731,1.252,2,0,n.a.,n.a.,17.98,50533.389,43175.843
Acerinox,Acerinox,ACERINOX SA,Withdrawal,Materials,Spain,0,11.34,0,0,0.213048413,103.17,1.991,2,0,n.a.,n.a.,12.8,7648.097638,6777.731677
AFRY,AFRY,AFRY AB,Withdrawal,Industrials,Sweden,0.008521855,6.913,0.006278154,0.008813679,0.079496778,64.405,1.146,2,0,n.a.,n.a.,5.38,2229.561526,2867.0849
Air Liquide,Air Liquide,L'AIR LIQUIDE SOCIETE ANONYME POUR L'ETUDE ET L'EXPLOITATION DES PROCEDES GEORGES CLAUDE,Withdrawal,Materials,France,0.005993316,15.279,0.006529959,0.007360467,0.048021615,76.706,0.893,2,0,n.a.,n.a.,7.7,26696.40859,52986.55344
Assicurazioni Generali,Assicurazioni Generali,ASSICURAZIONI GENERALI SPA,Withdrawal,Financials,Italy,0,6.478,0,0.001072084,n.a.,n.a.,n.a.,2,1,4,12,0.78,80055.58753,663958.6152
Atos,Atos,ATOS SE,Withdrawal,Information Technology,France,0.0075756,-26.94,0.002939755,0.009996793,0.200487544,172.772,1.142,2,0,n.a.,n.a.,-17.36,12276.25473,19049.20457
Bonava,Bonava,BONAVA AB,Withdrawal,Real Estate,Sweden,0.051926338,6.584,0.035830686,0.13952381,0.044958036,55.011,1.963,0,0,n.a.,n.a.,4.3,1713.966433,2623.449623
CCC,CCC,CCC S.A.,Withdrawal,Consumer Discretionary,Poland,0,-1.606,0,0,0.12546829,343.166,1.397,1,0,n.a.,n.a.,-1.67,1894.913366,1822.903256
CD Projekt,CD Projekt,CD PROJEKT S.A.,Withdrawal,Communication Services,Poland,0,24.196,0,0,0.190660734,1.906,5.489,1,0,n.a.,n.a.,10.15,223.0413814,531.708133
Columbus,Columbus,COLUMBUS A/S,Withdrawal,Information Technology,Denmark,0,4.66,0,0,0.04961623,18.633,1.064,2,1,n.a.,n.a.,5.53,229.4680906,193.3483251
CRH,CRH,CRH PLC,Withdrawal,Materials,Ireland,0,10.787,0,0,0.129460488,79.966,1.853,2,0,n.a.,n.a.,7.48,30981,44670
Cyfrowy Polsat,Cyfrowy Polsat,CYFROWY POLSAT SA,Withdrawal,Communication Services,Poland,0,45.533,0,0,0.112677979,79.942,1.436,1,0,n.a.,n.a.,17.58,3065.024659,7940.147857
Dino Polska,Dino Polska,DINO POLSKA S.A.,Withdrawal,Consumer Staples,Poland,0,7.314,0,0,0.058396204,41.983,0.661,0,0,n.a.,n.a.,13.65,3294.673922,1765.648046
Enel,Enel,ENEL SPA,Withdrawal,Utilities,Italy,0.006511121,6.25,0.005256414,0.055175848,0.042804678,248.488,0.865,0,7,0,0,2.66,99675.62266,234380.3076
Eni,Eni,ENI S.P.A.,Withdrawal,Energy,Italy,0.000168568,13.6,1.28178E-05,0.000764783,0.059913621,119.81,1.335,2,1,8,4,7.76,88985.00836,156032.6814
Essity,Essity,ESSITY AKTIEBOLAG (PUBL),Withdrawal,Health Care,Sweden,0.032557837,10.287,0.015024776,0.024548892,0.018760354,100.053,1.088,n.a.,1,454,273,7.16,13483.69681,19368.00879
Fugro,Fugro,FUGRO N.V.,Withdrawal,Industrials,Netherlands,0,4.646,0,0,0.081027581,55.321,1.195,2,4,0,0,3.86,1730.422993,2082.101051
Global Fashion Group,Global Fashion Group,GLOBAL FASHION GROUP S.A,Withdrawal,Consumer Discretionary,Luxembourg,0.381224074,-8.603,0.124605058,0.056559076,0.259273645,84.04,1.985,1,0,n.a.,n.a.,-8.69,1767.98908,1749.527695
Heineken,Heineken,HEINEKEN N.V.,Withdrawal,Consumer Staples,Netherlands,0.020460768,19.578,0.006380188,0.041017786,0.066489253,94.091,0.792,0,0,n.a.,n.a.,8.87,25072.37301,55327.52502
IMCD,IMCD,IMCD N.V.,Withdrawal,Industrials,Netherlands,0.004338688,8.204,0,0.005882353,0.054387967,86.077,1.345,2,1,n.a.,n.a.,8.68,3918.235294,3704.234996
Inditex,Inditex,INDUSTRIA DE DISENO TEXTIL S.A.,Withdrawal,Consumer Discretionary,Spain,0.051035001,15.15,0.012108627,0.054531574,0.242563482,32.946,1.694,1,0,n.a.,n.a.,14.51,30919.9561,32291.02791
ISS,ISS,ISS A/S,Withdrawal,Industrials,Denmark,0,1.586,0,0,0.077814683,257.594,0.976,2,0,n.a.,n.a.,2.66,11174.93778,6653.508664
Legrand,Legrand,LEGRAND,Withdrawal,Industrials,France,0.018430543,17.972,0.00742757,0.019331854,0.198783757,113.352,1.984,2,0,n.a.,n.a.,8.96,7921.63307,15886.75799
LVMH,LVMH,LVMH MOET HENNESSY LOUIS VUITTON,Withdrawal,Consumer Discretionary,France,0.005292815,26.794,0.001535998,0.01992633,0.064008746,106.968,1.226,1,11,1897,175,13.73,72740.12215,141927.2771
LyondellBasell,LyondellBasell,LYONDELLBASELL INDUSTRIES N.V.,Withdrawal,Materials,Netherlands,0,17.681,0,0,0.041666667,153.766,1.748,2,0,n.a.,n.a.,21.4,47237,39024
NCAB Group AB,NCAB Group AB,NCAB GROUP AB (PUBL),Withdrawal,Industrials,Sweden,0.058708022,11.263,0,0,0.051375124,118.148,1.308,2,0,n.a.,n.a.,13.68,357.7023937,294.4198453
Orsted,Orsted,ORSTED A/S,Withdrawal,Utilities,Denmark,0,16.656,0,0,0.03677349,202.161,0.998,0,0,n.a.,n.a.,4.91,12148.99743,41209.68824
Pandora,Pandora,PANDORA A/S,Withdrawal,Consumer Discretionary,Denmark,0,22.989,0,0,0.056250674,63.634,0.726,1,0,n.a.,n.a.,29,3565.506395,2826.007505
Publicis Groupe,Publicis Groupe,PUBLICIS GROUPE S A,Withdrawal,Communication Services,France,0.003986622,11.441,0.000913944,0.003388644,0.111398648,73.033,0.94,1,0,n.a.,n.a.,4.09,13294.46241,37201.3897
PZU SA,PZU SA,POWSZECHNY ZAKLAD UBEZPIECZEN S.A.,Withdrawal,Financials,Poland,0,100,0,0,n.a.,n.a.,n.a.,2,0,n.a.,n.a.,30.11,3297.758159,10952.27128
Renault,Renault,RENAULT,Withdrawal,Consumer Discretionary,France,0.120005605,3.343,0.016177366,0.701246408,0.192790575,239.915,1.075,1,0,n.a.,n.a.,1.37,52955.85998,128821.959
Repsol,Repsol,REPSOL SA.,Withdrawal,Energy,Spain,0,8.42,0,0,0.099459594,70.817,1.296,2,0,n.a.,n.a.,7.7,58228.11441,63713.2977
Schneider Electric,Schneider Electric,SCHNEIDER ELECTRIC SE,Withdrawal,Industrials,France,0.023014319,14.288,0.006490779,0.024283234,0.048068638,47.889,1.085,2,0,n.a.,n.a.,7.62,32936.01694,61779.94897
SKF,SKF,AB SKF,Withdrawal,Industrials,Sweden,0.020406514,12.281,0.008073944,0.006337731,0.132683583,65.553,2.193,2,0,n.a.,n.a.,10.1,9065.732855,11023.11328
Societe Generale,Societe Generale,SOCIETE GENERALE,Withdrawal,Financials,France,0.001676611,31.139,0.01206534,0.091398627,n.a.,n.a.,n.a.,2,0,n.a.,n.a.,0.55,29225.61833,1658635.388
Sodexo,Sodexo,SODEXO,Withdrawal,Industrials,France,0.004981534,1.356,0.001779839,0.009490691,0.18635143,239.433,1.088,2,0,n.a.,n.a.,1.25,20676.36124,22473.94554
Strabag,Strabag,STRABAG SE,Withdrawal,Industrials,Austria,0.003030408,5.722,0.004838625,0.01888433,0.242377493,58.223,1.205,2,2,15,0,7.23,17489.39536,13846.9086
Svenska Handelsbanken,Svenska Handelsbanken,SVENSKA HANDELSBANKEN AB,Withdrawal,Financials,Sweden,0,54.846,0,0,n.a.,n.a.,n.a.,2,0,n.a.,n.a.,0.7,4735.729861,370295.0847
Trane Technologies,Trane Technologies,TRANE TECHNOLOGIES PLC,Withdrawal,Industrials,Ireland,0.003819926,12.667,0.00171652,0.001135135,0.119558356,117.72,1.362,2,4,0,0,9.92,14136.4,18059.8
Valeo,Valeo,VALEO,Withdrawal,Consumer Discretionary,France,0.006104797,2.559,0.006001529,0.003736689,0.128218742,147.45,0.89,1,2,22,11,2.35,19565.67031,21332.52679
Vestas,Vestas,VESTAS WIND SYSTEMS A/S,Withdrawal,Energy,Denmark,0.003398694,1.437,0.002831037,0.014986237,0.121844463,62.912,1.013,2,0,n.a.,n.a.,1.14,17653.84099,22253.33084
Wienerberger,Wienerberger,WIENERBERGER AG,Withdrawal,Industrials,Austria,0.010126687,9.332,0.005221435,0.016398094,0.074290981,84.803,1.611,2,1,n.a.,n.a.,7.63,4542.45323,5554.028399